/*******************************************************************************
 * Size: 24 px
 * Bpp: 8
 * Opts: --bpp 8 --size 24 --no-compress --font assets/fonts/ico-custom-1.ttf --range 48-91 --format lvgl
 ******************************************************************************/

#ifdef __has_include
    #if __has_include("lvgl.h")
        #ifndef LV_LVGL_H_INCLUDE_SIMPLE
            #define LV_LVGL_H_INCLUDE_SIMPLE
        #endif
    #endif
#endif

#ifdef LV_LVGL_H_INCLUDE_SIMPLE
    #include "lvgl.h"
#else
    #include "lvgl/lvgl.h"
#endif

#ifndef UI_FONT_ICO_CUSTOM
#define UI_FONT_ICO_CUSTOM 1
#endif

#if UI_FONT_ICO_CUSTOM

/*-----------------
 *    BITMAPS
 *----------------*/

/*Store the image of the glyphs*/
static LV_ATTRIBUTE_LARGE_CONST const uint8_t glyph_bitmap[] = {
    /* U+0030 "0" */
    0x0, 0x0, 0x0, 0x0, 0x0, 0x6, 0x5b, 0xac,
    0xdf, 0xf7, 0xf7, 0xdf, 0xac, 0x5a, 0x6, 0x0,
    0x0, 0x0, 0x0, 0x0, 0x0, 0x0, 0x0, 0x0,
    0x0, 0x4a, 0xe2, 0xff, 0xff, 0xff, 0xff, 0xff,
    0xff, 0xff, 0xff, 0xe2, 0x4a, 0x0, 0x0, 0x0,
    0x0, 0x0, 0x0, 0x0, 0x2, 0x84, 0xfe, 0xff,
    0xd9, 0xe0, 0xff, 0xbc, 0xbc, 0xff, 0xe1, 0xdd,
    0xff, 0xfe, 0x83, 0x2, 0x0, 0x0, 0x0, 0x0,
    0x0, 0x85, 0xff, 0xf8, 0x70, 0x1a, 0xf8, 0xfb,
    0x2b, 0x2c, 0xfc, 0xf7, 0x19, 0x76, 0xfa, 0xff,
    0x82, 0x0, 0x0, 0x0, 0x0, 0x4a, 0xfe, 0xf8,
    0x47, 0x0, 0x7a, 0xff, 0xab, 0x0, 0x0, 0xac,
    0xff, 0x7a, 0x0, 0x4c, 0xf9, 0xfd, 0x47, 0x0,
    0x0, 0x6, 0xe2, 0xff, 0x6f, 0x0, 0x0, 0xcf,
    0xff, 0x48, 0x0, 0x0, 0x49, 0xff, 0xce, 0x0,
    0x0, 0x71, 0xff, 0xdf, 0x5, 0x0, 0x5a, 0xff,
    0xff, 0xf8, 0xf7, 0xf7, 0xff, 0xff, 0xf8, 0xf7,
    0xf7, 0xf8, 0xff, 0xff, 0xf7, 0xf7, 0xf8, 0xff,
    0xff, 0x56, 0x0, 0xaa, 0xff, 0xff, 0xff, 0xff,
    0xff, 0xff, 0xff, 0xff, 0xff, 0xff, 0xff, 0xff,
    0xff, 0xff, 0xff, 0xff, 0xff, 0xff, 0xa8, 0x0,
    0xdc, 0xff, 0x29, 0x0, 0x0, 0x68, 0xff, 0x9e,
    0x0, 0x0, 0x0, 0x0, 0x9c, 0xff, 0x67, 0x0,
    0x0, 0x2a, 0xff, 0xdb, 0x0, 0xf4, 0xff, 0x5,
    0x0, 0x0, 0x7b, 0xff, 0x8c, 0x0, 0x0, 0x0,
    0x0, 0x89, 0xff, 0x7a, 0x0, 0x0, 0x5, 0xff,
    0xf2, 0x0, 0xf4, 0xff, 0x5, 0x0, 0x0, 0x7b,
    0xff, 0x8c, 0x0, 0x0, 0x0, 0x0, 0x88, 0xff,
    0x78, 0x0, 0x0, 0x7, 0xff, 0xf1, 0x0, 0xdd,
    0xff, 0x27, 0x0, 0x0, 0x69, 0xff, 0x9d, 0x0,
    0x0, 0x0, 0x0, 0x9b, 0xfd, 0x50, 0x0, 0x0,
    0x1, 0x3b, 0x7e, 0x0, 0xaa, 0xff, 0xfa, 0xf7,
    0xf7, 0xfa, 0xff, 0xfd, 0xf7, 0xf7, 0xf7, 0xf7,
    0xe4, 0x39, 0x0, 0x0, 0x0, 0x0, 0x0, 0x0,
    0x0, 0x5b, 0xff, 0xff, 0xff, 0xff, 0xff, 0xff,
    0xff, 0xff, 0xff, 0xff, 0xfb, 0x3c, 0x0, 0x0,
    0x0, 0x0, 0x0, 0x0, 0x4, 0x0, 0x7, 0xe4,
    0xff, 0x69, 0x0, 0x0, 0xd1, 0xff, 0x44, 0x0,
    0x0, 0x0, 0x0, 0x0, 0x0, 0x0, 0x0, 0x0,
    0x52, 0xcb, 0xb, 0x0, 0x4d, 0xfe, 0xf6, 0x41,
    0x0, 0x7b, 0xff, 0xa8, 0x0, 0x0, 0x0, 0x0,
    0x0, 0x4, 0x0, 0x0, 0x4f, 0xfa, 0xf8, 0x3a,
    0x0, 0x0, 0x87, 0xff, 0xf6, 0x68, 0x1a, 0xf8,
    0xfa, 0x28, 0x26, 0x5, 0x0, 0x7a, 0xbf, 0xa,
    0x4d, 0xf9, 0xf8, 0x4b, 0x0, 0x0, 0x0, 0x3,
    0x88, 0xfe, 0xff, 0xd5, 0xdf, 0xff, 0xb7, 0xb6,
    0xc, 0x0, 0x8a, 0xff, 0xce, 0xf9, 0xf8, 0x4b,
    0x0, 0x0, 0x0, 0x0, 0x0, 0x0, 0x4d, 0xe5,
    0xff, 0xff, 0xff, 0xff, 0xff, 0x35, 0x0, 0x0,
    0x9d, 0xff, 0xf8, 0x4b, 0x0, 0x0, 0x0, 0x0,
    0x0, 0x0, 0x0, 0x0, 0x8, 0x5e, 0xae, 0xe1,
    0xf8, 0xf5, 0x80, 0x0, 0x0, 0x3, 0xa7, 0x4b,
    0x0, 0x0, 0x0, 0x0,

    /* U+0031 "1" */
    0x0, 0x0, 0x0, 0x0, 0x0, 0x0, 0x0, 0x0,
    0x0, 0x0, 0x0, 0x0, 0x0, 0x0, 0x0, 0x0,
    0x0, 0x0, 0x0, 0x0, 0x0, 0x0, 0x0, 0x0,
    0x28, 0xb3, 0xf6, 0xf6, 0xb3, 0x27, 0x0, 0x0,
    0x0, 0x0, 0x0, 0x0, 0x0, 0x0, 0x0, 0x0,
    0x0, 0x27, 0xef, 0xff, 0xff, 0xff, 0xff, 0xef,
    0x26, 0x0, 0x0, 0x0, 0x0, 0x0, 0x0, 0x0,
    0x0, 0x0, 0x0, 0xae, 0xff, 0xff, 0xff, 0xff,
    0xff, 0xff, 0xad, 0x0, 0x0, 0x0, 0x0, 0x0,
    0x0, 0x0, 0x0, 0x0, 0x0, 0xef, 0xff, 0xff,
    0xff, 0xff, 0xff, 0xff, 0xef, 0x0, 0x0, 0x0,
    0x0, 0x0, 0x0, 0x0, 0x0, 0x0, 0x0, 0xf0,
    0xff, 0xff, 0xff, 0xff, 0xff, 0xff, 0xee, 0x0,
    0x0, 0x0, 0x0, 0x0, 0x0, 0x0, 0x0, 0x0,
    0x0, 0xad, 0xff, 0xff, 0xff, 0xff, 0xff, 0xff,
    0xac, 0x0, 0x0, 0x0, 0x0, 0x0, 0x0, 0x0,
    0x0, 0x0, 0x0, 0x25, 0xed, 0xff, 0xff, 0xff,
    0xff, 0xed, 0x25, 0x0, 0x0, 0x0, 0x0, 0x0,
    0x0, 0x0, 0x0, 0x0, 0x0, 0x0, 0x26, 0xb0,
    0xf3, 0xf3, 0xb0, 0x25, 0x0, 0x0, 0x0, 0x0,
    0x0, 0x0, 0x0, 0x0, 0x0, 0x0, 0x0, 0x0,
    0x0, 0x0, 0x0, 0x0, 0x0, 0x0, 0x0, 0x0,
    0x0, 0x0, 0x0, 0x0, 0x0, 0x0, 0x0, 0x0,
    0x0, 0x0, 0x0, 0x0, 0x0, 0x0, 0x0, 0x0,
    0x0, 0x0, 0x0, 0x0, 0x0, 0x0, 0x0, 0x0,
    0x0, 0x2, 0x44, 0x8f, 0xc6, 0xe6, 0xf7, 0xf7,
    0xe6, 0xc5, 0x8e, 0x43, 0x1, 0x0, 0x0, 0x0,
    0x0, 0x0, 0x48, 0xdd, 0xff, 0xff, 0xff, 0xff,
    0xff, 0xff, 0xff, 0xff, 0xff, 0xff, 0xdc, 0x48,
    0x0, 0x0, 0x0, 0x66, 0xff, 0xff, 0xff, 0xff,
    0xff, 0xff, 0xff, 0xff, 0xff, 0xff, 0xff, 0xff,
    0xff, 0xff, 0x66, 0x0, 0x0, 0xec, 0xff, 0xff,
    0xff, 0xff, 0xff, 0xff, 0xff, 0xff, 0xff, 0xff,
    0xff, 0xff, 0xff, 0xff, 0xec, 0x0, 0x4, 0xff,
    0xff, 0xff, 0xff, 0xff, 0xff, 0xff, 0xff, 0xff,
    0xff, 0xff, 0xff, 0xff, 0xff, 0xff, 0xff, 0x4,
    0x4, 0xff, 0xff, 0xff, 0xff, 0xff, 0xff, 0xff,
    0xff, 0xff, 0xff, 0xff, 0xff, 0xff, 0xff, 0xff,
    0xff, 0x4,

    /* U+0032 "2" */
    0x0, 0x0, 0x0, 0x0, 0x0, 0x0, 0x0, 0x0,
    0x0, 0x0, 0x0, 0x48, 0x47, 0x0, 0x0, 0x0,
    0x0, 0x0, 0x0, 0x0, 0x0, 0x0, 0x0, 0x0,
    0x0, 0x0, 0x0, 0x0, 0x0, 0x0, 0x0, 0x0,
    0x0, 0x0, 0x5, 0xd7, 0xd7, 0x4, 0x0, 0x0,
    0x0, 0x0, 0x0, 0x0, 0x0, 0x0, 0x0, 0x0,
    0x0, 0x0, 0x0, 0x0, 0x0, 0x0, 0x0, 0x0,
    0x0, 0x0, 0x71, 0xff, 0xff, 0x70, 0x0, 0x0,
    0x0, 0x0, 0x0, 0x0, 0x0, 0x0, 0x0, 0x0,
    0x0, 0x0, 0x0, 0x0, 0x0, 0x0, 0x0, 0x0,
    0x0, 0x15, 0xf0, 0xff, 0xff, 0xef, 0x15, 0x0,
    0x0, 0x0, 0x0, 0x0, 0x0, 0x0, 0x0, 0x0,
    0x0, 0x0, 0x0, 0x0, 0x0, 0x0, 0x0, 0x0,
    0x0, 0x9a, 0xff, 0xb5, 0xb5, 0xff, 0x99, 0x0,
    0x0, 0x0, 0x0, 0x0, 0x0, 0x0, 0x0, 0x0,
    0x0, 0x0, 0x0, 0x0, 0x0, 0x0, 0x0, 0x0,
    0x31, 0xfd, 0xfa, 0x26, 0x27, 0xfa, 0xfd, 0x30,
    0x0, 0x0, 0x0, 0x0, 0x0, 0x0, 0x0, 0x0,
    0x0, 0x0, 0x0, 0x0, 0x0, 0x0, 0x0, 0x0,
    0xc2, 0xff, 0x8b, 0x0, 0x0, 0x8c, 0xff, 0xc2,
    0x0, 0x0, 0x0, 0x0, 0x0, 0x0, 0x0, 0x0,
    0x0, 0x0, 0x0, 0x0, 0x0, 0x0, 0x0, 0x58,
    0xff, 0xe8, 0xe, 0x0, 0x0, 0xe, 0xe8, 0xff,
    0x57, 0x0, 0x0, 0x0, 0x0, 0x0, 0x0, 0x0,
    0x0, 0x0, 0x0, 0x0, 0x0, 0x0, 0xa, 0xe2,
    0xff, 0x61, 0x0, 0xfb, 0xfb, 0x0, 0x62, 0xff,
    0xe2, 0x9, 0x0, 0x0, 0x0, 0x0, 0x0, 0x0,
    0x0, 0x0, 0x0, 0x0, 0x0, 0x0, 0x81, 0xff,
    0xcb, 0x1, 0x0, 0xfb, 0xfb, 0x0, 0x2, 0xcc,
    0xff, 0x80, 0x0, 0x0, 0x0, 0x0, 0x0, 0x0,
    0x0, 0x0, 0x0, 0x0, 0x0, 0x1e, 0xf6, 0xfe,
    0x39, 0x0, 0x0, 0xfb, 0xfb, 0x0, 0x0, 0x3a,
    0xff, 0xf6, 0x1e, 0x0, 0x0, 0x0, 0x0, 0x0,
    0x0, 0x0, 0x0, 0x0, 0x0, 0xaa, 0xff, 0xa3,
    0x0, 0x0, 0x0, 0xfb, 0xfb, 0x0, 0x0, 0x0,
    0xa4, 0xff, 0xa9, 0x0, 0x0, 0x0, 0x0, 0x0,
    0x0, 0x0, 0x0, 0x0, 0x3e, 0xff, 0xf4, 0x1a,
    0x0, 0x0, 0x0, 0x7, 0x7, 0x0, 0x0, 0x0,
    0x1b, 0xf4, 0xff, 0x3e, 0x0, 0x0, 0x0, 0x0,
    0x0, 0x0, 0x0, 0x2, 0xd0, 0xff, 0x79, 0x0,
    0x0, 0x0, 0x0, 0x3, 0x3, 0x0, 0x0, 0x0,
    0x0, 0x7a, 0xff, 0xcf, 0x2, 0x0, 0x0, 0x0,
    0x0, 0x0, 0x0, 0x67, 0xff, 0xdd, 0x7, 0x0,
    0x0, 0x0, 0x0, 0xfb, 0xfb, 0x0, 0x0, 0x0,
    0x0, 0x7, 0xde, 0xff, 0x66, 0x0, 0x0, 0x0,
    0x0, 0x0, 0x10, 0xeb, 0xff, 0x50, 0x0, 0x0,
    0x0, 0x0, 0x0, 0xfb, 0xfb, 0x0, 0x0, 0x0,
    0x0, 0x0, 0x51, 0xff, 0xeb, 0x10, 0x0, 0x0,
    0x0, 0x0, 0x90, 0xff, 0xbe, 0x4, 0x3, 0x3,
    0x3, 0x3, 0x3, 0x3, 0x3, 0x3, 0x3, 0x3,
    0x3, 0x3, 0x4, 0xbe, 0xff, 0x8f, 0x0, 0x0,
    0x0, 0x29, 0xfb, 0xff, 0xff, 0xff, 0xff, 0xff,
    0xff, 0xff, 0xff, 0xff, 0xff, 0xff, 0xff, 0xff,
    0xff, 0xff, 0xff, 0xff, 0xff, 0xfb, 0x29, 0x0,
    0x0, 0xb9, 0xff, 0xff, 0xff, 0xff, 0xff, 0xff,
    0xff, 0xff, 0xff, 0xff, 0xff, 0xff, 0xff, 0xff,
    0xff, 0xff, 0xff, 0xff, 0xff, 0xff, 0xb9, 0x0,

    /* U+0033 "3" */
    0x0, 0x0, 0x0, 0x0, 0x0, 0x0, 0x0, 0x0,
    0x0, 0x0, 0x0, 0x48, 0x47, 0x0, 0x0, 0x0,
    0x0, 0x0, 0x0, 0x0, 0x0, 0x0, 0x0, 0x0,
    0x0, 0x0, 0x0, 0x0, 0x0, 0x0, 0x0, 0x0,
    0x0, 0x0, 0x5, 0xd7, 0xd7, 0x4, 0x0, 0x0,
    0x0, 0x0, 0x0, 0x0, 0x0, 0x0, 0x0, 0x0,
    0x0, 0x0, 0x0, 0x0, 0x0, 0x0, 0x0, 0x0,
    0x0, 0x0, 0x71, 0xff, 0xff, 0x70, 0x0, 0x0,
    0x0, 0x0, 0x0, 0x0, 0x0, 0x0, 0x0, 0x0,
    0x0, 0x0, 0x0, 0x0, 0x0, 0x0, 0x0, 0x0,
    0x0, 0x15, 0xf0, 0xff, 0xff, 0xef, 0x15, 0x0,
    0x0, 0x0, 0x0, 0x0, 0x0, 0x0, 0x0, 0x0,
    0x0, 0x0, 0x0, 0x0, 0x0, 0x0, 0x0, 0x0,
    0x0, 0x9a, 0xff, 0xff, 0xff, 0xff, 0x99, 0x0,
    0x0, 0x0, 0x0, 0x0, 0x0, 0x0, 0x0, 0x0,
    0x0, 0x0, 0x0, 0x0, 0x0, 0x0, 0x0, 0x0,
    0x31, 0xfd, 0xff, 0xff, 0xff, 0xff, 0xfd, 0x30,
    0x0, 0x0, 0x0, 0x0, 0x0, 0x0, 0x0, 0x0,
    0x0, 0x0, 0x0, 0x0, 0x0, 0x0, 0x0, 0x0,
    0xc2, 0xff, 0xff, 0xff, 0xff, 0xff, 0xff, 0xc2,
    0x0, 0x0, 0x0, 0x0, 0x0, 0x0, 0x0, 0x0,
    0x0, 0x0, 0x0, 0x0, 0x0, 0x0, 0x0, 0x58,
    0xff, 0xff, 0xff, 0x3, 0x3, 0xff, 0xff, 0xff,
    0x57, 0x0, 0x0, 0x0, 0x0, 0x0, 0x0, 0x0,
    0x0, 0x0, 0x0, 0x0, 0x0, 0x0, 0xa, 0xe2,
    0xff, 0xff, 0xff, 0x3, 0x3, 0xff, 0xff, 0xff,
    0xe2, 0x9, 0x0, 0x0, 0x0, 0x0, 0x0, 0x0,
    0x0, 0x0, 0x0, 0x0, 0x0, 0x0, 0x81, 0xff,
    0xff, 0xff, 0xff, 0x3, 0x3, 0xff, 0xff, 0xff,
    0xff, 0x80, 0x0, 0x0, 0x0, 0x0, 0x0, 0x0,
    0x0, 0x0, 0x0, 0x0, 0x0, 0x1e, 0xf6, 0xff,
    0xff, 0xff, 0xff, 0x3, 0x3, 0xff, 0xff, 0xff,
    0xff, 0xf6, 0x1e, 0x0, 0x0, 0x0, 0x0, 0x0,
    0x0, 0x0, 0x0, 0x0, 0x0, 0xaa, 0xff, 0xff,
    0xff, 0xff, 0xff, 0x3, 0x3, 0xff, 0xff, 0xff,
    0xff, 0xff, 0xa9, 0x0, 0x0, 0x0, 0x0, 0x0,
    0x0, 0x0, 0x0, 0x0, 0x3e, 0xff, 0xff, 0xff,
    0xff, 0xff, 0xff, 0xff, 0xff, 0xff, 0xff, 0xff,
    0xff, 0xff, 0xff, 0x3e, 0x0, 0x0, 0x0, 0x0,
    0x0, 0x0, 0x0, 0x2, 0xd0, 0xff, 0xff, 0xff,
    0xff, 0xff, 0xff, 0xf8, 0xf8, 0xff, 0xff, 0xff,
    0xff, 0xff, 0xff, 0xcf, 0x2, 0x0, 0x0, 0x0,
    0x0, 0x0, 0x0, 0x67, 0xff, 0xff, 0xff, 0xff,
    0xff, 0xff, 0xff, 0x3, 0x3, 0xff, 0xff, 0xff,
    0xff, 0xff, 0xff, 0xff, 0x66, 0x0, 0x0, 0x0,
    0x0, 0x0, 0x10, 0xeb, 0xff, 0xff, 0xff, 0xff,
    0xff, 0xff, 0xff, 0x3, 0x3, 0xff, 0xff, 0xff,
    0xff, 0xff, 0xff, 0xff, 0xeb, 0x10, 0x0, 0x0,
    0x0, 0x0, 0x90, 0xff, 0xff, 0xff, 0xff, 0xff,
    0xff, 0xff, 0xff, 0xff, 0xff, 0xff, 0xff, 0xff,
    0xff, 0xff, 0xff, 0xff, 0xff, 0x8f, 0x0, 0x0,
    0x0, 0x29, 0xfb, 0xff, 0xff, 0xff, 0xff, 0xff,
    0xff, 0xff, 0xff, 0xff, 0xff, 0xff, 0xff, 0xff,
    0xff, 0xff, 0xff, 0xff, 0xff, 0xfb, 0x29, 0x0,
    0x0, 0xb9, 0xff, 0xff, 0xff, 0xff, 0xff, 0xff,
    0xff, 0xff, 0xff, 0xff, 0xff, 0xff, 0xff, 0xff,
    0xff, 0xff, 0xff, 0xff, 0xff, 0xff, 0xb9, 0x0,

    /* U+0034 "4" */
    0x0, 0x0, 0x0, 0x0, 0x0, 0x3, 0x50, 0x9d,
    0xd2, 0xeb, 0xeb, 0xd2, 0x9c, 0x4e, 0x3, 0x0,
    0x0, 0x0, 0x0, 0x0, 0x0, 0x0, 0x0, 0x0,
    0x4f, 0xd9, 0xff, 0xff, 0xff, 0xff, 0xff, 0xff,
    0xff, 0xff, 0xd7, 0x4e, 0x0, 0x0, 0x0, 0x0,
    0x0, 0x0, 0x2, 0x89, 0xff, 0xff, 0xd1, 0x6a,
    0x28, 0x8, 0x9, 0x28, 0x6a, 0xd2, 0xff, 0xff,
    0x88, 0x2, 0x0, 0x0, 0x0, 0x0, 0x8a, 0xff,
    0xfb, 0x73, 0x1, 0x0, 0x0, 0x0, 0x0, 0x0,
    0x0, 0x1, 0x76, 0xfb, 0xff, 0x89, 0x0, 0x0,
    0x0, 0x50, 0xff, 0xfb, 0x44, 0x0, 0x0, 0x0,
    0x0, 0x0, 0x0, 0x0, 0x0, 0x0, 0x0, 0x45,
    0xfb, 0xff, 0x50, 0x0, 0x3, 0xd9, 0xff, 0x74,
    0x0, 0x0, 0x0, 0x0, 0x0, 0x0, 0x0, 0x0,
    0x0, 0x0, 0x0, 0x0, 0x75, 0xff, 0xd9, 0x3,
    0x51, 0xff, 0xd0, 0x1, 0x0, 0x0, 0x0, 0x3,
    0xf8, 0xf8, 0xf8, 0xf8, 0x3, 0x0, 0x0, 0x0,
    0x1, 0xd1, 0xff, 0x51, 0xa0, 0xff, 0x67, 0x0,
    0x0, 0x0, 0x0, 0x4, 0xff, 0xff, 0xff, 0xff,
    0x4, 0x0, 0x0, 0x0, 0x0, 0x68, 0xff, 0x9f,
    0xd6, 0xff, 0x23, 0x0, 0x0, 0x0, 0x0, 0x4,
    0xff, 0xff, 0xff, 0xff, 0x4, 0x0, 0x0, 0x0,
    0x0, 0x24, 0xff, 0xd5, 0xef, 0xff, 0x4, 0x0,
    0x0, 0x0, 0x0, 0x4, 0xff, 0xff, 0xff, 0xff,
    0x4, 0x0, 0x0, 0x0, 0x0, 0x5, 0xff, 0xee,
    0xf0, 0xff, 0x4, 0x0, 0x0, 0x84, 0xfc, 0xfc,
    0xff, 0xff, 0xff, 0xff, 0xfc, 0xfc, 0x83, 0x0,
    0x0, 0x4, 0xff, 0xef, 0xd7, 0xff, 0x22, 0x0,
    0x0, 0x0, 0x88, 0xff, 0xff, 0xff, 0xff, 0xff,
    0xff, 0x87, 0x0, 0x0, 0x0, 0x23, 0xff, 0xd6,
    0xa3, 0xff, 0x63, 0x0, 0x0, 0x0, 0x0, 0x88,
    0xff, 0xff, 0xff, 0xff, 0x87, 0x0, 0x0, 0x0,
    0x0, 0x64, 0xff, 0xa2, 0x55, 0xff, 0xcb, 0x0,
    0x0, 0x0, 0x0, 0x0, 0x88, 0xff, 0xff, 0x87,
    0x0, 0x0, 0x0, 0x0, 0x0, 0xcc, 0xff, 0x55,
    0x5, 0xde, 0xff, 0x6b, 0x0, 0x0, 0x0, 0x0,
    0x0, 0x88, 0x87, 0x0, 0x0, 0x0, 0x0, 0x0,
    0x6c, 0xff, 0xdd, 0x5, 0x0, 0x56, 0xff, 0xf9,
    0x3d, 0x0, 0x0, 0x0, 0x0, 0x0, 0x0, 0x0,
    0x0, 0x0, 0x0, 0x3e, 0xfa, 0xff, 0x55, 0x0,
    0x0, 0x0, 0x91, 0xff, 0xf9, 0x6a, 0x0, 0x0,
    0x0, 0x0, 0x0, 0x0, 0x0, 0x0, 0x6d, 0xf9,
    0xff, 0x90, 0x0, 0x0, 0x0, 0x0, 0x3, 0x92,
    0xff, 0xff, 0xc9, 0x61, 0x1e, 0x1, 0x2, 0x1f,
    0x61, 0xcb, 0xff, 0xff, 0x91, 0x3, 0x0, 0x0,
    0x0, 0x0, 0x0, 0x0, 0x57, 0xdf, 0xff, 0xff,
    0xff, 0xfd, 0xfe, 0xff, 0xff, 0xff, 0xde, 0x56,
    0x0, 0x0, 0x0, 0x0, 0x0, 0x0, 0x0, 0x0,
    0x0, 0x6, 0x58, 0xa6, 0xdb, 0xf4, 0xf4, 0xdb,
    0xa5, 0x57, 0x5, 0x0, 0x0, 0x0, 0x0, 0x0,

    /* U+0035 "5" */
    0x0, 0x0, 0x0, 0x0, 0x0, 0x3, 0x50, 0x9d,
    0xd2, 0xeb, 0xeb, 0xd2, 0x9c, 0x4e, 0x3, 0x0,
    0x0, 0x0, 0x0, 0x0, 0x0, 0x0, 0x0, 0x0,
    0x4f, 0xd9, 0xff, 0xff, 0xff, 0xff, 0xff, 0xff,
    0xff, 0xff, 0xd7, 0x4e, 0x0, 0x0, 0x0, 0x0,
    0x0, 0x0, 0x2, 0x89, 0xff, 0xff, 0xd1, 0x6a,
    0x28, 0x8, 0x9, 0x28, 0x6a, 0xd2, 0xff, 0xff,
    0x88, 0x2, 0x0, 0x0, 0x0, 0x0, 0x8a, 0xff,
    0xfb, 0x73, 0x1, 0x0, 0x0, 0x0, 0x0, 0x0,
    0x0, 0x1, 0x76, 0xfb, 0xff, 0x89, 0x0, 0x0,
    0x0, 0x50, 0xff, 0xfb, 0x44, 0x0, 0x0, 0x0,
    0x0, 0x0, 0x0, 0x0, 0x0, 0x0, 0x0, 0x45,
    0xfb, 0xff, 0x50, 0x0, 0x3, 0xd9, 0xff, 0x74,
    0x0, 0x0, 0x0, 0x0, 0x0, 0x7f, 0x0, 0x0,
    0x0, 0x0, 0x0, 0x0, 0x75, 0xff, 0xd9, 0x3,
    0x51, 0xff, 0xd0, 0x1, 0x0, 0x0, 0x0, 0x0,
    0x7f, 0xff, 0x0, 0x0, 0x0, 0x0, 0x0, 0x0,
    0x1, 0xd1, 0xff, 0x51, 0xa0, 0xff, 0x67, 0x0,
    0x0, 0x0, 0x0, 0x7f, 0xff, 0xff, 0x0, 0x0,
    0x0, 0x0, 0x0, 0x0, 0x0, 0x68, 0xff, 0x9f,
    0xd6, 0xff, 0x23, 0x0, 0x0, 0x0, 0x7f, 0xff,
    0xff, 0xff, 0xff, 0xff, 0xff, 0xfc, 0x0, 0x0,
    0x0, 0x24, 0xff, 0xd5, 0xef, 0xff, 0x4, 0x0,
    0x0, 0x7f, 0xff, 0xff, 0xff, 0xff, 0xff, 0xff,
    0xff, 0xfc, 0x0, 0x0, 0x0, 0x5, 0xff, 0xee,
    0xf0, 0xff, 0x4, 0x0, 0x0, 0x88, 0xff, 0xff,
    0xff, 0xff, 0xff, 0xff, 0xff, 0xfc, 0x0, 0x0,
    0x0, 0x4, 0xff, 0xef, 0xd7, 0xff, 0x22, 0x0,
    0x0, 0x0, 0x88, 0xff, 0xff, 0xff, 0xff, 0xff,
    0xff, 0xfc, 0x0, 0x0, 0x0, 0x23, 0xff, 0xd6,
    0xa3, 0xff, 0x63, 0x0, 0x0, 0x0, 0x0, 0x88,
    0xff, 0xff, 0x8, 0x8, 0x8, 0x7, 0x0, 0x0,
    0x0, 0x64, 0xff, 0xa2, 0x55, 0xff, 0xcb, 0x0,
    0x0, 0x0, 0x0, 0x0, 0x88, 0xff, 0x0, 0x0,
    0x0, 0x0, 0x0, 0x0, 0x0, 0xcc, 0xff, 0x55,
    0x5, 0xde, 0xff, 0x6b, 0x0, 0x0, 0x0, 0x0,
    0x0, 0x88, 0x0, 0x0, 0x0, 0x0, 0x0, 0x0,
    0x6c, 0xff, 0xdd, 0x5, 0x0, 0x56, 0xff, 0xf9,
    0x3d, 0x0, 0x0, 0x0, 0x0, 0x0, 0x0, 0x0,
    0x0, 0x0, 0x0, 0x3e, 0xfa, 0xff, 0x55, 0x0,
    0x0, 0x0, 0x91, 0xff, 0xf9, 0x6a, 0x0, 0x0,
    0x0, 0x0, 0x0, 0x0, 0x0, 0x0, 0x6d, 0xf9,
    0xff, 0x90, 0x0, 0x0, 0x0, 0x0, 0x3, 0x92,
    0xff, 0xff, 0xc9, 0x61, 0x1e, 0x1, 0x2, 0x1f,
    0x61, 0xcb, 0xff, 0xff, 0x91, 0x3, 0x0, 0x0,
    0x0, 0x0, 0x0, 0x0, 0x57, 0xdf, 0xff, 0xff,
    0xff, 0xfd, 0xfe, 0xff, 0xff, 0xff, 0xde, 0x56,
    0x0, 0x0, 0x0, 0x0, 0x0, 0x0, 0x0, 0x0,
    0x0, 0x6, 0x58, 0xa6, 0xdb, 0xf4, 0xf4, 0xdb,
    0xa5, 0x57, 0x5, 0x0, 0x0, 0x0, 0x0, 0x0,

    /* U+0036 "6" */
    0x0, 0x0, 0x0, 0x0, 0x0, 0x3, 0x50, 0x9d,
    0xd2, 0xeb, 0xeb, 0xd2, 0x9c, 0x4e, 0x3, 0x0,
    0x0, 0x0, 0x0, 0x0, 0x0, 0x0, 0x0, 0x0,
    0x4f, 0xd9, 0xff, 0xff, 0xff, 0xff, 0xff, 0xff,
    0xff, 0xff, 0xd7, 0x4e, 0x0, 0x0, 0x0, 0x0,
    0x0, 0x0, 0x2, 0x89, 0xff, 0xff, 0xd1, 0x6a,
    0x28, 0x8, 0x9, 0x28, 0x6a, 0xd2, 0xff, 0xff,
    0x88, 0x2, 0x0, 0x0, 0x0, 0x0, 0x8a, 0xff,
    0xfb, 0x73, 0x1, 0x0, 0x0, 0x0, 0x0, 0x0,
    0x0, 0x1, 0x76, 0xfb, 0xff, 0x89, 0x0, 0x0,
    0x0, 0x50, 0xff, 0xfb, 0x44, 0x0, 0x0, 0x0,
    0x0, 0x0, 0x0, 0x0, 0x0, 0x0, 0x0, 0x45,
    0xfb, 0xff, 0x50, 0x0, 0x3, 0xd9, 0xff, 0x74,
    0x0, 0x0, 0x0, 0x0, 0x0, 0x0, 0x80, 0x0,
    0x0, 0x0, 0x0, 0x0, 0x75, 0xff, 0xd9, 0x3,
    0x51, 0xff, 0xd0, 0x1, 0x0, 0x0, 0x0, 0x0,
    0x0, 0x0, 0xff, 0x80, 0x0, 0x0, 0x0, 0x0,
    0x1, 0xd1, 0xff, 0x51, 0xa0, 0xff, 0x67, 0x0,
    0x0, 0x0, 0x0, 0x0, 0x0, 0x0, 0xff, 0xff,
    0x80, 0x0, 0x0, 0x0, 0x0, 0x68, 0xff, 0x9f,
    0xd6, 0xff, 0x23, 0x0, 0x0, 0x0, 0xfc, 0xff,
    0xff, 0xff, 0xff, 0xff, 0xff, 0x80, 0x0, 0x0,
    0x0, 0x24, 0xff, 0xd5, 0xef, 0xff, 0x4, 0x0,
    0x0, 0x0, 0xfc, 0xff, 0xff, 0xff, 0xff, 0xff,
    0xff, 0xff, 0x80, 0x0, 0x0, 0x5, 0xff, 0xee,
    0xf0, 0xff, 0x4, 0x0, 0x0, 0x0, 0xfc, 0xff,
    0xff, 0xff, 0xff, 0xff, 0xff, 0xff, 0x87, 0x0,
    0x0, 0x4, 0xff, 0xef, 0xd7, 0xff, 0x22, 0x0,
    0x0, 0x0, 0xfc, 0xff, 0xff, 0xff, 0xff, 0xff,
    0xff, 0x87, 0x0, 0x0, 0x0, 0x23, 0xff, 0xd6,
    0xa3, 0xff, 0x63, 0x0, 0x0, 0x0, 0x7, 0x8,
    0x8, 0x8, 0xff, 0xff, 0x87, 0x0, 0x0, 0x0,
    0x0, 0x64, 0xff, 0xa2, 0x55, 0xff, 0xcb, 0x0,
    0x0, 0x0, 0x0, 0x0, 0x0, 0x0, 0xff, 0x87,
    0x0, 0x0, 0x0, 0x0, 0x0, 0xcc, 0xff, 0x55,
    0x5, 0xde, 0xff, 0x6b, 0x0, 0x0, 0x0, 0x0,
    0x0, 0x0, 0x87, 0x0, 0x0, 0x0, 0x0, 0x0,
    0x6c, 0xff, 0xdd, 0x5, 0x0, 0x56, 0xff, 0xf9,
    0x3d, 0x0, 0x0, 0x0, 0x0, 0x0, 0x0, 0x0,
    0x0, 0x0, 0x0, 0x3e, 0xfa, 0xff, 0x55, 0x0,
    0x0, 0x0, 0x91, 0xff, 0xf9, 0x6a, 0x0, 0x0,
    0x0, 0x0, 0x0, 0x0, 0x0, 0x0, 0x6d, 0xf9,
    0xff, 0x90, 0x0, 0x0, 0x0, 0x0, 0x3, 0x92,
    0xff, 0xff, 0xc9, 0x61, 0x1e, 0x1, 0x2, 0x1f,
    0x61, 0xcb, 0xff, 0xff, 0x91, 0x3, 0x0, 0x0,
    0x0, 0x0, 0x0, 0x0, 0x57, 0xdf, 0xff, 0xff,
    0xff, 0xfd, 0xfe, 0xff, 0xff, 0xff, 0xde, 0x56,
    0x0, 0x0, 0x0, 0x0, 0x0, 0x0, 0x0, 0x0,
    0x0, 0x6, 0x58, 0xa6, 0xdb, 0xf4, 0xf4, 0xdb,
    0xa5, 0x57, 0x5, 0x0, 0x0, 0x0, 0x0, 0x0,

    /* U+0037 "7" */
    0x0, 0x0, 0x0, 0x0, 0x0, 0x3, 0x50, 0x9d,
    0xd2, 0xeb, 0xeb, 0xd2, 0x9c, 0x4e, 0x3, 0x0,
    0x0, 0x0, 0x0, 0x0, 0x0, 0x0, 0x0, 0x0,
    0x4f, 0xd9, 0xff, 0xff, 0xff, 0xff, 0xff, 0xff,
    0xff, 0xff, 0xd7, 0x4e, 0x0, 0x0, 0x0, 0x0,
    0x0, 0x0, 0x2, 0x89, 0xff, 0xff, 0xd1, 0x6a,
    0x28, 0x8, 0x9, 0x28, 0x6a, 0xd2, 0xff, 0xff,
    0x88, 0x2, 0x0, 0x0, 0x0, 0x0, 0x8a, 0xff,
    0xfb, 0x73, 0x1, 0x0, 0x0, 0x0, 0x0, 0x0,
    0x0, 0x1, 0x76, 0xfb, 0xff, 0x89, 0x0, 0x0,
    0x0, 0x50, 0xff, 0xfb, 0x44, 0x0, 0x0, 0x0,
    0x0, 0x0, 0x0, 0x0, 0x0, 0x0, 0x0, 0x45,
    0xfb, 0xff, 0x50, 0x0, 0x3, 0xd9, 0xff, 0x74,
    0x0, 0x0, 0x0, 0x0, 0x0, 0x7f, 0x80, 0x0,
    0x0, 0x0, 0x0, 0x0, 0x75, 0xff, 0xd9, 0x3,
    0x51, 0xff, 0xd0, 0x1, 0x0, 0x0, 0x0, 0x0,
    0x7f, 0xff, 0xff, 0x80, 0x0, 0x0, 0x0, 0x0,
    0x1, 0xd1, 0xff, 0x51, 0xa0, 0xff, 0x67, 0x0,
    0x0, 0x0, 0x0, 0x7f, 0xff, 0xff, 0xff, 0xff,
    0x80, 0x0, 0x0, 0x0, 0x0, 0x68, 0xff, 0x9f,
    0xd6, 0xff, 0x23, 0x0, 0x0, 0x0, 0x7f, 0xff,
    0xff, 0xff, 0xff, 0xff, 0xff, 0x80, 0x0, 0x0,
    0x0, 0x24, 0xff, 0xd5, 0xef, 0xff, 0x4, 0x0,
    0x0, 0x7f, 0xff, 0xff, 0xff, 0xff, 0xff, 0xff,
    0xff, 0xff, 0x80, 0x0, 0x0, 0x5, 0xff, 0xee,
    0xf0, 0xff, 0x4, 0x0, 0x0, 0x4, 0x4, 0x7,
    0xff, 0xff, 0xff, 0xff, 0x7, 0x4, 0x4, 0x0,
    0x0, 0x4, 0xff, 0xef, 0xd7, 0xff, 0x22, 0x0,
    0x0, 0x0, 0x0, 0x4, 0xff, 0xff, 0xff, 0xff,
    0x4, 0x0, 0x0, 0x0, 0x0, 0x23, 0xff, 0xd6,
    0xa3, 0xff, 0x63, 0x0, 0x0, 0x0, 0x0, 0x4,
    0xff, 0xff, 0xff, 0xff, 0x4, 0x0, 0x0, 0x0,
    0x0, 0x64, 0xff, 0xa2, 0x55, 0xff, 0xcb, 0x0,
    0x0, 0x0, 0x0, 0x4, 0xff, 0xff, 0xff, 0xff,
    0x4, 0x0, 0x0, 0x0, 0x0, 0xcc, 0xff, 0x55,
    0x5, 0xde, 0xff, 0x6b, 0x0, 0x0, 0x0, 0x0,
    0x0, 0x0, 0x0, 0x0, 0x0, 0x0, 0x0, 0x0,
    0x6c, 0xff, 0xdd, 0x5, 0x0, 0x56, 0xff, 0xf9,
    0x3d, 0x0, 0x0, 0x0, 0x0, 0x0, 0x0, 0x0,
    0x0, 0x0, 0x0, 0x3e, 0xfa, 0xff, 0x55, 0x0,
    0x0, 0x0, 0x91, 0xff, 0xf9, 0x6a, 0x0, 0x0,
    0x0, 0x0, 0x0, 0x0, 0x0, 0x0, 0x6d, 0xf9,
    0xff, 0x90, 0x0, 0x0, 0x0, 0x0, 0x3, 0x92,
    0xff, 0xff, 0xc9, 0x61, 0x1e, 0x1, 0x2, 0x1f,
    0x61, 0xcb, 0xff, 0xff, 0x91, 0x3, 0x0, 0x0,
    0x0, 0x0, 0x0, 0x0, 0x57, 0xdf, 0xff, 0xff,
    0xff, 0xfd, 0xfe, 0xff, 0xff, 0xff, 0xde, 0x56,
    0x0, 0x0, 0x0, 0x0, 0x0, 0x0, 0x0, 0x0,
    0x0, 0x6, 0x58, 0xa6, 0xdb, 0xf4, 0xf4, 0xdb,
    0xa5, 0x57, 0x5, 0x0, 0x0, 0x0, 0x0, 0x0,

    /* U+0038 "8" */
    0x0, 0x0, 0x0, 0xff, 0xff, 0xff, 0xff, 0xff,
    0xff, 0x0, 0x0, 0x0, 0x0, 0x6, 0x7, 0xff,
    0xff, 0xff, 0xff, 0xff, 0xff, 0x7, 0x6, 0x0,
    0xa1, 0xff, 0xff, 0xff, 0xff, 0xff, 0xff, 0xff,
    0xff, 0xff, 0xff, 0x9a, 0xfe, 0xff, 0xff, 0xff,
    0xff, 0xff, 0xff, 0xff, 0xff, 0xff, 0xff, 0xe6,
    0xff, 0xff, 0xff, 0xff, 0xff, 0xff, 0xff, 0xff,
    0xff, 0xff, 0xff, 0xe7, 0xff, 0xff, 0xff, 0xff,
    0xff, 0xff, 0xff, 0xff, 0xff, 0xff, 0xff, 0xe7,
    0xff, 0xff, 0xff, 0xff, 0xff, 0x3, 0x3, 0xff,
    0xff, 0xff, 0xff, 0xe7, 0xff, 0xff, 0xff, 0xff,
    0xff, 0x3, 0x3, 0xff, 0xff, 0xff, 0xff, 0xe7,
    0xff, 0xff, 0xff, 0xff, 0xff, 0x3, 0x3, 0xff,
    0xff, 0xff, 0xff, 0xe7, 0xff, 0xff, 0xff, 0xff,
    0xff, 0x3, 0x3, 0xff, 0xff, 0xff, 0xff, 0xe7,
    0xff, 0xff, 0xff, 0xff, 0xff, 0x3, 0x3, 0xff,
    0xff, 0xff, 0xff, 0xe7, 0xff, 0xff, 0xff, 0xff,
    0xff, 0x3, 0x3, 0xff, 0xff, 0xff, 0xff, 0xe7,
    0xff, 0xff, 0xff, 0xff, 0xff, 0xf8, 0xf8, 0xff,
    0xff, 0xff, 0xff, 0xe7, 0xff, 0xff, 0xff, 0xff,
    0xff, 0xff, 0xff, 0xff, 0xff, 0xff, 0xff, 0xe7,
    0xff, 0xff, 0xff, 0xff, 0xff, 0x3, 0x3, 0xff,
    0xff, 0xff, 0xff, 0xe7, 0xff, 0xff, 0xff, 0xff,
    0xff, 0x3, 0x3, 0xff, 0xff, 0xff, 0xff, 0xe7,
    0xff, 0xff, 0xff, 0xff, 0xff, 0xfc, 0xfc, 0xff,
    0xff, 0xff, 0xff, 0xe7, 0xff, 0xff, 0xff, 0xff,
    0xff, 0xff, 0xff, 0xff, 0xff, 0xff, 0xff, 0xe7,
    0xfc, 0xff, 0xff, 0xff, 0xff, 0xff, 0xff, 0xff,
    0xff, 0xff, 0xff, 0xe6, 0x9d, 0xfd, 0xff, 0xff,
    0xff, 0xff, 0xff, 0xff, 0xff, 0xff, 0xfb, 0x86,

    /* U+0039 "9" */
    0x0, 0x0, 0x0, 0xff, 0xff, 0xff, 0xff, 0xff,
    0xff, 0x0, 0x0, 0x0, 0x0, 0x6, 0x7, 0xff,
    0xff, 0xff, 0xff, 0xff, 0xff, 0x7, 0x6, 0x0,
    0xa0, 0xff, 0xff, 0xff, 0xff, 0xff, 0xff, 0xff,
    0xff, 0xff, 0xff, 0x9e, 0xfd, 0xff, 0xff, 0xff,
    0xff, 0xff, 0xff, 0xff, 0xff, 0xff, 0xff, 0xfd,
    0xff, 0xff, 0xff, 0xff, 0xff, 0xff, 0xff, 0xff,
    0xff, 0xff, 0xff, 0xff, 0xff, 0xff, 0xff, 0xff,
    0xff, 0xff, 0xb7, 0xff, 0xff, 0xff, 0xff, 0xff,
    0xff, 0xff, 0xff, 0xff, 0xff, 0xfd, 0x32, 0xff,
    0xff, 0xff, 0xff, 0xff, 0xff, 0xff, 0xff, 0xff,
    0xff, 0xa4, 0x3, 0xff, 0xff, 0xff, 0xff, 0xff,
    0xff, 0xff, 0xff, 0xff, 0xfa, 0x23, 0x3, 0xff,
    0xff, 0xff, 0xff, 0xff, 0xff, 0xff, 0xff, 0xff,
    0x95, 0x0, 0x3, 0xff, 0xff, 0xff, 0xff, 0xff,
    0xff, 0xff, 0xff, 0xf5, 0x19, 0x0, 0x1, 0x7f,
    0x90, 0xff, 0xff, 0xff, 0xff, 0xff, 0xff, 0x86,
    0x0, 0x0, 0x0, 0x0, 0x87, 0xff, 0xff, 0xff,
    0xff, 0xff, 0xff, 0x90, 0x7f, 0x1, 0x0, 0x19,
    0xf5, 0xff, 0xff, 0xff, 0xff, 0xff, 0xff, 0xff,
    0xff, 0x3, 0x0, 0x96, 0xff, 0xff, 0xff, 0xff,
    0xff, 0xff, 0xff, 0xff, 0xff, 0x3, 0x23, 0xfa,
    0xff, 0xff, 0xff, 0xff, 0xff, 0xff, 0xff, 0xff,
    0xff, 0x3, 0xa5, 0xff, 0xff, 0xff, 0xff, 0xff,
    0xff, 0xff, 0xff, 0xff, 0xff, 0x32, 0xfe, 0xff,
    0xff, 0xff, 0xff, 0xff, 0xff, 0xff, 0xff, 0xff,
    0xff, 0xb8, 0xff, 0xff, 0xff, 0xff, 0xff, 0xff,
    0xfd, 0xff, 0xff, 0xff, 0xff, 0xff, 0xff, 0xff,
    0xff, 0xff, 0xff, 0xfd, 0x9e, 0xfd, 0xff, 0xff,
    0xff, 0xff, 0xff, 0xff, 0xff, 0xff, 0xfd, 0x9c,

    /* U+003A ":" */
    0x0, 0x0, 0x0, 0x0, 0x0, 0x0, 0x0, 0x4c,
    0xe4, 0xe4, 0x4a, 0x0, 0x0, 0x0, 0x0, 0x0,
    0x0, 0x0, 0x0, 0x0, 0x0, 0x0, 0x0, 0x0,
    0x0, 0xe9, 0xff, 0xff, 0xe8, 0x0, 0x0, 0x0,
    0x0, 0x0, 0x0, 0x0, 0x0, 0x0, 0x0, 0x0,
    0x0, 0x1a, 0x85, 0xff, 0xff, 0xff, 0xff, 0x85,
    0x1a, 0x0, 0x0, 0x0, 0x0, 0x0, 0x0, 0x0,
    0x0, 0x0, 0x5d, 0xf4, 0xff, 0xff, 0xff, 0xff,
    0xff, 0xff, 0xf4, 0x5d, 0x0, 0x0, 0x0, 0x0,
    0x0, 0x0, 0x0, 0x5a, 0xff, 0xff, 0xad, 0x3d,
    0xc, 0xc, 0x3e, 0xaf, 0xff, 0xff, 0x5a, 0x0,
    0x0, 0x0, 0x0, 0x0, 0x1a, 0xf2, 0xff, 0x71,
    0x0, 0x0, 0x0, 0x0, 0x0, 0x0, 0x74, 0xff,
    0xf1, 0x19, 0x0, 0x0, 0x0, 0x0, 0x86, 0xff,
    0xac, 0x0, 0x0, 0x0, 0x0, 0x0, 0x0, 0x0,
    0x0, 0xb0, 0xff, 0x85, 0x0, 0x0, 0x0, 0x0,
    0xd0, 0xff, 0x3c, 0x0, 0x0, 0x0, 0x0, 0x0,
    0x0, 0x0, 0x0, 0x3e, 0xff, 0xcf, 0x0, 0x0,
    0x0, 0x0, 0xf3, 0xff, 0xc, 0x0, 0x0, 0x0,
    0x0, 0x0, 0x0, 0x0, 0x0, 0xc, 0xff, 0xf2,
    0x0, 0x0, 0x0, 0x0, 0xfc, 0xfc, 0x0, 0x0,
    0x0, 0x0, 0x0, 0x0, 0x0, 0x0, 0x0, 0x0,
    0xfc, 0xfc, 0x0, 0x0, 0x0, 0x0, 0xfc, 0xfc,
    0x0, 0x0, 0x0, 0x0, 0x0, 0x0, 0x0, 0x0,
    0x0, 0x0, 0xfc, 0xfc, 0x0, 0x0, 0x0, 0x0,
    0xfc, 0xfc, 0x0, 0x0, 0x0, 0x0, 0x0, 0x0,
    0x0, 0x0, 0x0, 0x0, 0xfc, 0xfc, 0x0, 0x0,
    0x0, 0x0, 0xfc, 0xfc, 0x0, 0x0, 0x0, 0x0,
    0x0, 0x0, 0x0, 0x0, 0x0, 0x0, 0xfc, 0xfc,
    0x0, 0x0, 0x0, 0x0, 0xfc, 0xfc, 0x0, 0x0,
    0x0, 0x0, 0x0, 0x0, 0x0, 0x0, 0x0, 0x0,
    0xfc, 0xfc, 0x0, 0x0, 0x0, 0x0, 0xfc, 0xfc,
    0x0, 0x0, 0x0, 0x0, 0x0, 0x0, 0x0, 0x0,
    0x0, 0x0, 0xfc, 0xfc, 0x0, 0x0, 0x0, 0x7f,
    0xff, 0xfc, 0x4, 0x4, 0x4, 0x4, 0x4, 0x4,
    0x4, 0x4, 0x4, 0x4, 0xfc, 0xff, 0x7f, 0x0,
    0x85, 0xff, 0xff, 0xff, 0xff, 0xff, 0xff, 0xff,
    0xff, 0xff, 0xff, 0xff, 0xff, 0xff, 0xff, 0xff,
    0xff, 0x84, 0xff, 0xff, 0xff, 0xff, 0xff, 0xff,
    0xff, 0xff, 0xff, 0xff, 0xff, 0xff, 0xff, 0xff,
    0xff, 0xff, 0xff, 0xff, 0x0, 0x0, 0x0, 0x0,
    0x0, 0x0, 0x0, 0x4, 0x4, 0x4, 0x4, 0x0,
    0x0, 0x0, 0x0, 0x0, 0x0, 0x0, 0x0, 0x0,
    0x0, 0x0, 0x0, 0x0, 0x0, 0xe8, 0xff, 0xff,
    0xe7, 0x0, 0x0, 0x0, 0x0, 0x0, 0x0, 0x0,
    0x0, 0x0, 0x0, 0x0, 0x0, 0x0, 0x0, 0x4e,
    0xe5, 0xe5, 0x4c, 0x0, 0x0, 0x0, 0x0, 0x0,
    0x0, 0x0,

    /* U+003B ";" */
    0x0, 0x0, 0x0, 0x3, 0xff, 0xff, 0xff, 0xff,
    0xff, 0xfb, 0x0, 0x0, 0x0, 0x0, 0xfb, 0xff,
    0xff, 0xff, 0xff, 0xff, 0x3, 0x0, 0x0, 0x0,
    0x0, 0x0, 0x0, 0x3, 0xff, 0xff, 0xff, 0xff,
    0xff, 0xfb, 0x0, 0x0, 0x0, 0x0, 0xfb, 0xff,
    0xff, 0xff, 0xff, 0xff, 0x3, 0x0, 0x0, 0x0,
    0x0, 0x3, 0x3, 0x7, 0xff, 0xff, 0xff, 0xff,
    0xff, 0xfc, 0x3, 0x3, 0x3, 0x3, 0xfc, 0xff,
    0xff, 0xff, 0xff, 0xff, 0x7, 0x3, 0x3, 0x0,
    0x3, 0xff, 0xff, 0xff, 0xff, 0xff, 0xff, 0xff,
    0xff, 0xff, 0xff, 0xff, 0xff, 0xff, 0xff, 0xff,
    0xff, 0xff, 0xff, 0xff, 0xff, 0xff, 0xff, 0x3,
    0x3, 0xff, 0xff, 0xff, 0xff, 0xff, 0xff, 0xff,
    0xff, 0xff, 0xff, 0xff, 0xff, 0xff, 0xff, 0xff,
    0xff, 0xff, 0xff, 0xff, 0xff, 0xff, 0xff, 0x3,
    0x3, 0xff, 0xff, 0x0, 0x0, 0x0, 0x0, 0x0,
    0x0, 0x0, 0x0, 0x0, 0x0, 0x0, 0x0, 0x0,
    0x0, 0x0, 0x0, 0x0, 0x0, 0xff, 0xff, 0x3,
    0x3, 0xff, 0xff, 0x0, 0x0, 0x0, 0x0, 0x0,
    0x0, 0x0, 0x0, 0x0, 0x0, 0x0, 0x0, 0x0,
    0x0, 0x0, 0x0, 0x0, 0x0, 0xff, 0xff, 0x3,
    0x3, 0xff, 0xff, 0x0, 0x0, 0x0, 0x0, 0x0,
    0x0, 0x0, 0x0, 0x0, 0x0, 0x0, 0x0, 0xff,
    0xff, 0x3, 0x0, 0x0, 0x0, 0xff, 0xff, 0x3,
    0x3, 0xff, 0xff, 0x0, 0x0, 0x3, 0x3, 0x3,
    0x3, 0x3, 0x3, 0x0, 0x0, 0x3, 0x3, 0xff,
    0xff, 0x7, 0x3, 0x0, 0x0, 0xff, 0xff, 0x3,
    0x3, 0xff, 0xff, 0x0, 0x0, 0xfb, 0xff, 0xff,
    0xff, 0xff, 0xff, 0x3, 0x3, 0xff, 0xff, 0xff,
    0xff, 0xff, 0xfb, 0x0, 0x0, 0xff, 0xff, 0x3,
    0x3, 0xff, 0xff, 0x0, 0x0, 0xfb, 0xff, 0xff,
    0xff, 0xff, 0xff, 0x3, 0x3, 0xff, 0xff, 0xff,
    0xff, 0xff, 0xfb, 0x0, 0x0, 0xff, 0xff, 0x3,
    0x3, 0xff, 0xff, 0x0, 0x0, 0x0, 0x0, 0x0,
    0x0, 0x0, 0x0, 0x0, 0x0, 0x0, 0x0, 0xff,
    0xff, 0x3, 0x0, 0x0, 0x0, 0xff, 0xff, 0x3,
    0x3, 0xff, 0xff, 0x0, 0x0, 0x0, 0x0, 0x0,
    0x0, 0x0, 0x0, 0x0, 0x0, 0x0, 0x0, 0xff,
    0xff, 0x3, 0x0, 0x0, 0x0, 0xff, 0xff, 0x3,
    0x3, 0xff, 0xff, 0x0, 0x0, 0x0, 0x0, 0x0,
    0x0, 0x0, 0x0, 0x0, 0x0, 0x0, 0x0, 0x0,
    0x0, 0x0, 0x0, 0x0, 0x0, 0xff, 0xff, 0x3,
    0x3, 0xff, 0xff, 0x3, 0x3, 0x3, 0x3, 0x3,
    0x3, 0x3, 0x3, 0x3, 0x3, 0x3, 0x3, 0x3,
    0x3, 0x3, 0x3, 0x3, 0x3, 0xff, 0xff, 0x3,
    0x3, 0xff, 0xff, 0xff, 0xff, 0xff, 0xff, 0xff,
    0xff, 0xff, 0xff, 0xff, 0xff, 0xff, 0xff, 0xff,
    0xff, 0xff, 0xff, 0xff, 0xff, 0xff, 0xff, 0x3,
    0x3, 0xff, 0xff, 0xff, 0xff, 0xff, 0xff, 0xff,
    0xff, 0xff, 0xff, 0xff, 0xff, 0xff, 0xff, 0xff,
    0xff, 0xff, 0xff, 0xff, 0xff, 0xff, 0xff, 0x3,

    /* U+003C "<" */
    0x0, 0x0, 0x0, 0x0, 0x0, 0x0, 0x0, 0x0,
    0x0, 0x0, 0x0, 0x0, 0x0, 0x0, 0x0, 0x0,
    0x0, 0x1, 0x57, 0x2, 0xfc, 0xfc, 0x0, 0x0,
    0x0, 0x0, 0x0, 0x0, 0x0, 0x0, 0x0, 0x0,
    0x0, 0x0, 0x0, 0x0, 0x0, 0x5e, 0xff, 0xb7,
    0xfc, 0xfc, 0x0, 0x0, 0x0, 0x0, 0x0, 0x0,
    0x0, 0x0, 0x0, 0x0, 0x0, 0x0, 0x0, 0x0,
    0xc, 0xe5, 0xff, 0x62, 0xfc, 0xfc, 0x0, 0x0,
    0x0, 0x0, 0x0, 0x0, 0x0, 0x0, 0x0, 0x0,
    0x0, 0x0, 0x0, 0x0, 0x87, 0xff, 0xcb, 0x2,
    0xfc, 0xfc, 0x0, 0x0, 0x0, 0x0, 0x0, 0xb3,
    0x6b, 0x3, 0x0, 0x0, 0x0, 0x0, 0x0, 0x22,
    0xf8, 0xff, 0x3a, 0x0, 0xfc, 0xfc, 0x0, 0x0,
    0x0, 0x0, 0x5b, 0xff, 0xff, 0xd1, 0x3f, 0x0,
    0x0, 0x0, 0x0, 0xaf, 0xff, 0xa4, 0x0, 0x23,
    0xfc, 0xfc, 0x0, 0x0, 0x0, 0xa, 0xe3, 0xff,
    0xef, 0xff, 0xff, 0xa9, 0x1d, 0x0, 0x43, 0xff,
    0xf4, 0x1b, 0x0, 0xb0, 0xfc, 0xfc, 0x0, 0x0,
    0x0, 0x83, 0xff, 0xc9, 0xc, 0x81, 0xf6, 0xff,
    0xf5, 0x7c, 0xd3, 0xff, 0x7b, 0x0, 0x47, 0xfb,
    0xfc, 0xfc, 0x0, 0x0, 0x1f, 0xf7, 0xfe, 0x38,
    0x0, 0x0, 0x1d, 0xa8, 0xff, 0xff, 0xff, 0xdf,
    0x8, 0x4, 0xd6, 0xfc, 0xfc, 0xfc, 0x0, 0x0,
    0xab, 0xff, 0xa3, 0x0, 0x1c, 0x41, 0x0, 0x0,
    0x3c, 0xcc, 0xff, 0x52, 0x0, 0x6f, 0xff, 0xfc,
    0xfc, 0xfc, 0x0, 0x3f, 0xff, 0xf4, 0x1a, 0x0,
    0xa7, 0xff, 0xac, 0x20, 0x0, 0x1, 0x4c, 0x0,
    0x13, 0xee, 0xff, 0xfc, 0xfc, 0xfc, 0x2, 0xcf,
    0xff, 0x7b, 0x0, 0x3d, 0xff, 0xff, 0xff, 0xf7,
    0x83, 0xb, 0x0, 0x0, 0x97, 0xff, 0xff, 0xfc,
    0xfc, 0xfc, 0x67, 0xff, 0xdf, 0x8, 0x2, 0xcf,
    0xff, 0xff, 0xff, 0xff, 0xff, 0xe4, 0x5a, 0x2e,
    0xfc, 0xff, 0xff, 0xfc, 0xfc, 0xfd, 0xea, 0xff,
    0x53, 0x0, 0x67, 0xff, 0xff, 0xff, 0xff, 0xff,
    0xff, 0xff, 0xff, 0xf5, 0xff, 0xff, 0xff, 0xfc,
    0xfc, 0xff, 0xff, 0xbf, 0x0, 0x11, 0xeb, 0xff,
    0xff, 0xff, 0xff, 0xff, 0xff, 0xff, 0xff, 0xff,
    0xff, 0xff, 0xff, 0xfc, 0xfc, 0xff, 0xfc, 0x2e,
    0x0, 0x92, 0xff, 0xff, 0xff, 0xff, 0xff, 0xff,
    0xff, 0xff, 0xff, 0xff, 0xff, 0xff, 0xff, 0xfc,
    0xfc, 0xff, 0x9a, 0x4, 0x2d, 0xfb, 0xff, 0xff,
    0xff, 0xff, 0xff, 0xff, 0xff, 0xff, 0xff, 0xff,
    0xff, 0xff, 0xff, 0xfc, 0xfc, 0xff, 0xff, 0xff,
    0xff, 0xff, 0xff, 0xff, 0xff, 0xff, 0xff, 0xff,
    0xff, 0xff, 0xff, 0xff, 0xff, 0xff, 0xff, 0xfc,
    0xfc, 0xff, 0xff, 0xff, 0xff, 0xff, 0xff, 0xff,
    0xff, 0xff, 0xff, 0xff, 0xff, 0xff, 0xff, 0xff,
    0xff, 0xff, 0xff, 0xfc,

    /* U+003D "=" */
    0x49, 0xe3, 0xff, 0xff, 0xff, 0xff, 0xff, 0xff,
    0xff, 0xff, 0xff, 0xff, 0xff, 0xff, 0xff, 0xff,
    0xe2, 0x47, 0xe4, 0xff, 0xff, 0xff, 0xff, 0xff,
    0xff, 0xff, 0xff, 0xff, 0xff, 0xff, 0xff, 0xff,
    0xff, 0xff, 0xff, 0xe2, 0xff, 0xff, 0xff, 0xff,
    0xbd, 0x7b, 0xff, 0xff, 0xff, 0xff, 0xff, 0xff,
    0xff, 0xff, 0xff, 0x83, 0xff, 0xff, 0xff, 0xff,
    0xff, 0xff, 0x7f, 0x0, 0xff, 0xff, 0xff, 0xff,
    0xff, 0xff, 0xff, 0xff, 0x80, 0x3, 0xff, 0xff,
    0xff, 0xff, 0xbb, 0x7b, 0x3d, 0x0, 0x7b, 0x7b,
    0xfd, 0xff, 0xff, 0xff, 0xff, 0x80, 0x0, 0x3,
    0xff, 0xff, 0xff, 0xff, 0x7e, 0x3, 0x1, 0x0,
    0x3, 0x3, 0xfc, 0xff, 0xff, 0xff, 0x80, 0x0,
    0x0, 0x3, 0xff, 0xff, 0xff, 0xff, 0xff, 0xff,
    0x7f, 0x0, 0xff, 0xff, 0xff, 0xff, 0xff, 0x80,
    0x0, 0x0, 0x0, 0x3, 0xff, 0xff, 0xff, 0xff,
    0xff, 0xff, 0x7f, 0x0, 0xff, 0xff, 0xff, 0xff,
    0x80, 0x0, 0x0, 0x0, 0x0, 0x3, 0xff, 0xff,
    0xff, 0xff, 0xff, 0xff, 0xff, 0xff, 0xff, 0xff,
    0xff, 0x80, 0x0, 0x0, 0x0, 0x0, 0x0, 0x3,
    0xff, 0xff, 0xff, 0xff, 0xff, 0xff, 0xff, 0xff,
    0xff, 0xff, 0x80, 0x0, 0x0, 0x0, 0x0, 0x0,
    0x0, 0x3, 0xff, 0xff, 0xff, 0xff, 0xff, 0xff,
    0xff, 0xff, 0xff, 0x80, 0x0, 0x0, 0x0, 0x0,
    0x0, 0x0, 0x0, 0x3, 0xff, 0xff, 0xff, 0xff,
    0xff, 0xff, 0xff, 0xff, 0x80, 0x0, 0x0, 0x0,
    0x0, 0x0, 0x0, 0x0, 0x0, 0x3, 0xff, 0xff,
    0xff, 0xff, 0xff, 0xff, 0xff, 0x80, 0x0, 0x0,
    0x0, 0x7f, 0x7f, 0x7f, 0x7f, 0x7f, 0x1, 0x3,
    0xff, 0xff, 0xff, 0xff, 0xff, 0xff, 0x80, 0x0,
    0x0, 0x0, 0x0, 0xff, 0xff, 0xff, 0xff, 0xff,
    0x3, 0x3, 0xff, 0xff, 0xff, 0xff, 0xff, 0x80,
    0x0, 0x0, 0x0, 0x0, 0x0, 0x0, 0x0, 0x0,
    0x0, 0x0, 0x0, 0x3, 0xff, 0xff, 0xff, 0xff,
    0x84, 0x3, 0x3, 0x3, 0x3, 0x3, 0x3, 0x3,
    0x3, 0x3, 0x3, 0x3, 0x3, 0x7, 0xff, 0xff,
    0xe4, 0xff, 0xff, 0xff, 0xff, 0xff, 0xff, 0xff,
    0xff, 0xff, 0xff, 0xff, 0xff, 0xff, 0xff, 0xff,
    0xff, 0xe3, 0x4b, 0xe4, 0xff, 0xff, 0xff, 0xff,
    0xff, 0xff, 0xff, 0xff, 0xff, 0xff, 0xff, 0xff,
    0xff, 0xff, 0xe4, 0x49,

    /* U+003E ">" */
    0x49, 0xe3, 0xff, 0xff, 0xff, 0xff, 0xff, 0xff,
    0xff, 0xff, 0xff, 0xff, 0xff, 0xff, 0x82, 0x0,
    0x0, 0x0, 0xe4, 0xff, 0xff, 0xff, 0xff, 0xff,
    0xff, 0xff, 0xff, 0xff, 0xff, 0xff, 0xff, 0xff,
    0xff, 0x82, 0x0, 0x0, 0xff, 0xff, 0x7, 0x3,
    0x3, 0x3, 0x3, 0x3, 0x3, 0x3, 0x3, 0x3,
    0xff, 0xff, 0xff, 0xff, 0x82, 0x0, 0xff, 0xff,
    0x3, 0x0, 0x0, 0x0, 0x0, 0x0, 0x0, 0x0,
    0x0, 0x0, 0xff, 0xff, 0xff, 0xff, 0xff, 0x82,
    0xff, 0xff, 0x3, 0x0, 0x0, 0x0, 0x0, 0x0,
    0x0, 0x0, 0x0, 0x0, 0xff, 0xff, 0xff, 0xff,
    0xff, 0xff, 0xff, 0xff, 0x3, 0x0, 0x0, 0x0,
    0x0, 0x0, 0x0, 0x0, 0x0, 0x0, 0xff, 0xff,
    0xff, 0xff, 0xff, 0xff, 0xff, 0xff, 0xff, 0xff,
    0xff, 0xff, 0xff, 0xff, 0xff, 0xff, 0xff, 0xff,
    0xff, 0xff, 0xff, 0xff, 0xff, 0xff, 0xff, 0xff,
    0xff, 0xff, 0xff, 0xff, 0xff, 0xff, 0xff, 0xff,
    0xff, 0xff, 0xff, 0xff, 0xff, 0xff, 0xff, 0xff,
    0xff, 0xff, 0xff, 0xff, 0xff, 0xff, 0xff, 0xff,
    0xff, 0xff, 0xff, 0xff, 0xff, 0xff, 0xff, 0xff,
    0xff, 0xff, 0xff, 0xff, 0xff, 0xff, 0xff, 0xff,
    0xff, 0xff, 0xff, 0xff, 0xff, 0xff, 0xff, 0xff,
    0xff, 0xff, 0xff, 0xff, 0xff, 0xff, 0xff, 0xff,
    0xff, 0xff, 0xf8, 0x71, 0x14, 0x14, 0x72, 0xf9,
    0xff, 0xff, 0xff, 0xff, 0xff, 0xff, 0xff, 0xff,
    0xff, 0xff, 0xff, 0xff, 0x73, 0x0, 0x0, 0x0,
    0x0, 0x76, 0xff, 0xff, 0xff, 0xff, 0xff, 0xff,
    0xff, 0xff, 0xff, 0xff, 0xff, 0xff, 0x17, 0x0,
    0x0, 0x0, 0x0, 0x19, 0xff, 0xff, 0xff, 0xff,
    0xff, 0xff, 0xff, 0xff, 0xff, 0xff, 0xff, 0xff,
    0x17, 0x0, 0x0, 0x0, 0x0, 0x18, 0xff, 0xff,
    0xff, 0xff, 0xff, 0xff, 0xff, 0xff, 0xff, 0xff,
    0xff, 0xff, 0x72, 0x0, 0x0, 0x0, 0x0, 0x75,
    0xff, 0xff, 0xff, 0xff, 0xff, 0xff, 0xff, 0xff,
    0xff, 0xff, 0xff, 0xff, 0xf8, 0x74, 0x1a, 0x1b,
    0x76, 0xf9, 0xff, 0xff, 0xff, 0xff, 0xff, 0xff,
    0xe4, 0xff, 0xff, 0xff, 0xff, 0xff, 0xff, 0xff,
    0xff, 0xff, 0xff, 0xff, 0xff, 0xff, 0xff, 0xff,
    0xff, 0xe3, 0x4b, 0xe4, 0xff, 0xff, 0xff, 0xff,
    0xff, 0xff, 0xff, 0xff, 0xff, 0xff, 0xff, 0xff,
    0xff, 0xff, 0xe4, 0x49,

    /* U+003F "?" */
    0x0, 0x0, 0x0, 0x2, 0x44, 0x8f, 0xc6, 0xe6,
    0xf7, 0xf7, 0xe6, 0xc5, 0x8e, 0x43, 0x1, 0x0,
    0x0, 0x0, 0x0, 0x0, 0x48, 0xdd, 0xff, 0xff,
    0xff, 0xff, 0xff, 0xff, 0xff, 0xff, 0xff, 0xff,
    0xdc, 0x48, 0x0, 0x0, 0x0, 0x65, 0xff, 0xff,
    0xff, 0xff, 0xff, 0xff, 0xff, 0xff, 0xff, 0xff,
    0xff, 0xff, 0xff, 0xff, 0x65, 0x0, 0x0, 0xeb,
    0xff, 0xff, 0xff, 0xff, 0xff, 0xff, 0xff, 0xff,
    0xff, 0xff, 0xff, 0xff, 0xff, 0xff, 0xeb, 0x0,
    0x0, 0xed, 0xff, 0xff, 0xff, 0xff, 0xff, 0xff,
    0xff, 0xff, 0xff, 0xff, 0xff, 0xff, 0xff, 0xff,
    0xec, 0x0, 0x0, 0x6b, 0xff, 0xff, 0xff, 0xff,
    0xff, 0xff, 0xff, 0xff, 0xff, 0xff, 0xff, 0xff,
    0xff, 0xff, 0x6b, 0x0, 0x3, 0x12, 0x50, 0xe2,
    0xff, 0xff, 0xff, 0xff, 0xff, 0xff, 0xff, 0xff,
    0xff, 0xff, 0xe1, 0x4f, 0x13, 0x3, 0x3, 0x97,
    0x0, 0x3, 0x4c, 0x97, 0xcc, 0xeb, 0xfb, 0xfb,
    0xeb, 0xcb, 0x97, 0x4b, 0x3, 0x0, 0x97, 0x3,
    0x3, 0xff, 0xb3, 0x20, 0x0, 0x0, 0x0, 0x0,
    0x0, 0x0, 0x0, 0x0, 0x0, 0x0, 0x21, 0xb4,
    0xff, 0x3, 0x0, 0xed, 0xff, 0xfd, 0xb7, 0x6c,
    0x37, 0x17, 0x7, 0x7, 0x17, 0x38, 0x6c, 0xb8,
    0xfd, 0xff, 0xec, 0x0, 0x0, 0x68, 0xff, 0xff,
    0xff, 0xff, 0xff, 0xff, 0xff, 0xff, 0xff, 0xff,
    0xff, 0xff, 0xff, 0xff, 0x68, 0x0, 0x3, 0x12,
    0x4c, 0xdf, 0xff, 0xff, 0xff, 0xff, 0xff, 0xff,
    0xff, 0xff, 0xff, 0xff, 0xde, 0x4b, 0x13, 0x3,
    0x3, 0x97, 0x0, 0x2, 0x48, 0x93, 0xc8, 0xe7,
    0xf7, 0xf7, 0xe7, 0xc7, 0x93, 0x47, 0x2, 0x0,
    0x97, 0x3, 0x3, 0xff, 0xb3, 0x20, 0x0, 0x0,
    0x0, 0x0, 0x0, 0x0, 0x0, 0x0, 0x0, 0x0,
    0x21, 0xb4, 0xff, 0x3, 0x0, 0xed, 0xff, 0xfd,
    0xb7, 0x6c, 0x37, 0x17, 0x7, 0x7, 0x17, 0x38,
    0x6c, 0xb8, 0xfd, 0xff, 0xec, 0x0, 0x0, 0x68,
    0xff, 0xff, 0xff, 0xff, 0xff, 0xff, 0xff, 0xff,
    0xff, 0xff, 0xff, 0xff, 0xff, 0xff, 0x68, 0x0,
    0x0, 0x0, 0x4c, 0xdf, 0xff, 0xff, 0xff, 0xff,
    0xff, 0xff, 0xff, 0xff, 0xff, 0xff, 0xde, 0x4b,
    0x0, 0x0, 0x0, 0x0, 0x0, 0x2, 0x48, 0x93,
    0xc8, 0xe7, 0xf7, 0xf7, 0xe7, 0xc7, 0x93, 0x47,
    0x2, 0x0, 0x0, 0x0,

    /* U+0040 "@" */
    0x0, 0x0, 0x0, 0x0, 0x0, 0x6, 0x58, 0xa4,
    0xda, 0xf3, 0xf3, 0xda, 0xa4, 0x56, 0x5, 0x0,
    0x0, 0x0, 0x0, 0x0, 0x0, 0x0, 0x0, 0x0,
    0x57, 0xde, 0xff, 0xff, 0xff, 0xff, 0xff, 0xff,
    0xff, 0xff, 0xdd, 0x56, 0x0, 0x0, 0x0, 0x0,
    0x0, 0x0, 0x3, 0x90, 0xff, 0xff, 0xff, 0xff,
    0xff, 0xff, 0xff, 0xff, 0xff, 0xd0, 0xff, 0xff,
    0x90, 0x3, 0x0, 0x0, 0x0, 0x0, 0x90, 0xff,
    0xff, 0xff, 0xff, 0xff, 0xff, 0xff, 0xff, 0xff,
    0xe2, 0x0, 0x63, 0xf5, 0xff, 0x8f, 0x0, 0x0,
    0x0, 0x55, 0xff, 0xff, 0xff, 0xff, 0xff, 0xff,
    0xff, 0xf8, 0xf7, 0xdc, 0x44, 0x0, 0x0, 0x3b,
    0xf6, 0xff, 0x54, 0x0, 0x5, 0xdc, 0xff, 0xff,
    0xff, 0xff, 0xff, 0xff, 0xff, 0x3, 0x0, 0x0,
    0x0, 0x0, 0x0, 0x0, 0x64, 0xff, 0xdc, 0x4,
    0x54, 0xff, 0xff, 0xff, 0xff, 0xff, 0xff, 0xff,
    0xff, 0x3, 0x0, 0x0, 0x0, 0x0, 0x0, 0x0,
    0x1, 0xcc, 0xff, 0x54, 0xa1, 0xff, 0xff, 0xff,
    0xff, 0xff, 0xfc, 0xfb, 0xc3, 0x0, 0x0, 0x0,
    0x0, 0x0, 0x0, 0x0, 0x0, 0x64, 0xff, 0xa0,
    0xd7, 0xff, 0xa7, 0xff, 0xff, 0xff, 0x3, 0x0,
    0x0, 0x0, 0x0, 0x0, 0x0, 0x0, 0x0, 0x0,
    0x0, 0x24, 0xff, 0xd6, 0xef, 0xff, 0xc, 0x7f,
    0xff, 0xff, 0x3, 0x0, 0x0, 0x0, 0x0, 0x0,
    0x0, 0x0, 0x0, 0x0, 0x0, 0x5, 0xff, 0xef,
    0xf0, 0xff, 0xb, 0x0, 0x7f, 0xff, 0xff, 0xff,
    0xff, 0xff, 0xff, 0xff, 0xc8, 0x0, 0x0, 0x0,
    0x0, 0x8, 0xff, 0xee, 0xd7, 0xff, 0x2a, 0x0,
    0x0, 0x7f, 0xff, 0xff, 0xff, 0xff, 0xff, 0xff,
    0xff, 0x0, 0x0, 0x0, 0x0, 0x26, 0xff, 0xd6,
    0xa1, 0xff, 0x6f, 0x0, 0x0, 0x0, 0x7f, 0xff,
    0xff, 0xff, 0xff, 0xff, 0xff, 0x0, 0x0, 0x0,
    0x0, 0x6b, 0xff, 0xa0, 0x54, 0xff, 0xd5, 0x2,
    0x0, 0x0, 0x0, 0xff, 0xff, 0xff, 0xff, 0xff,
    0xff, 0x3, 0x0, 0x0, 0x2, 0xd4, 0xff, 0x54,
    0x5, 0xdc, 0xff, 0x75, 0x0, 0x0, 0x0, 0xe4,
    0xff, 0xff, 0xff, 0xff, 0xff, 0xff, 0xe6, 0x4b,
    0x6c, 0xff, 0xdc, 0x4, 0x0, 0x55, 0xff, 0xf9,
    0x4c, 0x0, 0x0, 0x4b, 0xe4, 0xff, 0xff, 0xff,
    0xff, 0xff, 0xff, 0xee, 0xf8, 0xff, 0x55, 0x0,
    0x0, 0x0, 0x90, 0xff, 0xfc, 0x72, 0x4, 0x0,
    0x0, 0xfb, 0xff, 0xff, 0xff, 0xff, 0xff, 0xff,
    0xff, 0x8f, 0x0, 0x0, 0x0, 0x0, 0x3, 0x91,
    0xff, 0xff, 0xdb, 0x73, 0x33, 0xfc, 0xff, 0xff,
    0xff, 0xff, 0xff, 0xff, 0x91, 0x3, 0x0, 0x0,
    0x0, 0x0, 0x0, 0x0, 0x57, 0xdf, 0xff, 0xff,
    0xff, 0xff, 0xff, 0xff, 0xff, 0xff, 0xde, 0x56,
    0x0, 0x0, 0x0, 0x0, 0x0, 0x0, 0x0, 0x0,
    0x0, 0x6, 0x58, 0xa5, 0xdb, 0xf3, 0xf3, 0xdb,
    0xa5, 0x57, 0x5, 0x0, 0x0, 0x0, 0x0, 0x0,

    /* U+0041 "A" */
    0x0, 0x0, 0x0, 0x0, 0x0, 0x0, 0x0, 0x0,
    0x67, 0xdc, 0xf9, 0xe6, 0xa7, 0x27, 0x0, 0x0,
    0x0, 0x0, 0x0, 0x0, 0x0, 0x0, 0x0, 0x0,
    0x0, 0x0, 0x0, 0x0, 0x4b, 0xff, 0xff, 0xff,
    0xff, 0xff, 0xe8, 0xb, 0x0, 0x0, 0x0, 0x0,
    0x0, 0x0, 0x0, 0x0, 0x0, 0x0, 0x0, 0x0,
    0x0, 0xbd, 0xff, 0xff, 0xff, 0xff, 0xff, 0xff,
    0x35, 0x0, 0x0, 0x0, 0x0, 0x0, 0x0, 0x0,
    0x0, 0x0, 0x0, 0x0, 0x0, 0x0, 0xe2, 0xff,
    0xff, 0xff, 0xff, 0xff, 0xea, 0xa, 0x0, 0x0,
    0x0, 0x0, 0x0, 0x0, 0x0, 0x0, 0x0, 0x0,
    0x0, 0x0, 0x0, 0xdb, 0xff, 0xff, 0xff, 0xff,
    0xdd, 0x36, 0x0, 0x0, 0x0, 0x0, 0x0, 0x0,
    0x0, 0x0, 0xd, 0x39, 0xc, 0x0, 0x0, 0x0,
    0xaf, 0xff, 0xff, 0xff, 0xd5, 0xd, 0x0, 0x0,
    0x0, 0x0, 0x0, 0x0, 0x0, 0x0, 0x26, 0xe9,
    0xff, 0xea, 0x34, 0x0, 0x0, 0x5a, 0xff, 0xff,
    0xff, 0x57, 0x0, 0x0, 0x0, 0x0, 0x0, 0x0,
    0x0, 0x0, 0x0, 0xa6, 0xff, 0xff, 0xff, 0xdc,
    0xd, 0x0, 0xd, 0xf9, 0xff, 0xff, 0x9a, 0x12,
    0x6c, 0xbb, 0xe3, 0xd9, 0xb0, 0x40, 0x0, 0x0,
    0xe4, 0xff, 0xff, 0xff, 0xff, 0xd6, 0x5b, 0x9a,
    0xff, 0xff, 0xff, 0xff, 0xfb, 0xff, 0xff, 0xff,
    0xff, 0xff, 0xff, 0x63, 0x0, 0xf6, 0xff, 0xff,
    0xff, 0xff, 0xff, 0xff, 0xff, 0xff, 0x3d, 0x3d,
    0xff, 0xff, 0xff, 0xff, 0xff, 0xff, 0xff, 0xff,
    0xe1, 0x0, 0xd6, 0xff, 0xff, 0xff, 0xff, 0xff,
    0xff, 0xff, 0xff, 0x3c, 0x3c, 0xff, 0xff, 0xff,
    0xff, 0xff, 0xff, 0xff, 0xff, 0xff, 0x2, 0x5d,
    0xff, 0xff, 0xff, 0xff, 0xff, 0xff, 0xfb, 0xff,
    0xff, 0xff, 0xff, 0x9c, 0x5a, 0xd4, 0xff, 0xff,
    0xff, 0xff, 0xef, 0x0, 0x0, 0x43, 0xb8, 0xe5,
    0xef, 0xc6, 0x72, 0x14, 0x9f, 0xff, 0xff, 0xf9,
    0xc, 0x0, 0xb, 0xd6, 0xff, 0xff, 0xff, 0xb1,
    0x0, 0x0, 0x0, 0x0, 0x0, 0x0, 0x0, 0x0,
    0x0, 0x54, 0xff, 0xff, 0xff, 0x59, 0x0, 0x0,
    0x31, 0xea, 0xff, 0xed, 0x2e, 0x0, 0x0, 0x0,
    0x0, 0x0, 0x0, 0x0, 0x0, 0xb, 0xd1, 0xff,
    0xff, 0xff, 0xad, 0x0, 0x0, 0x0, 0xd, 0x3a,
    0xe, 0x0, 0x0, 0x0, 0x0, 0x0, 0x0, 0x0,
    0x0, 0x34, 0xd8, 0xff, 0xff, 0xff, 0xff, 0xd8,
    0x0, 0x0, 0x0, 0x0, 0x0, 0x0, 0x0, 0x0,
    0x0, 0x0, 0x0, 0x0, 0x0, 0xc, 0xeb, 0xff,
    0xff, 0xff, 0xff, 0xff, 0xde, 0x0, 0x0, 0x0,
    0x0, 0x0, 0x0, 0x0, 0x0, 0x0, 0x0, 0x0,
    0x0, 0x0, 0x36, 0xff, 0xff, 0xff, 0xff, 0xff,
    0xff, 0xbb, 0x0, 0x0, 0x0, 0x0, 0x0, 0x0,
    0x0, 0x0, 0x0, 0x0, 0x0, 0x0, 0x0, 0xc,
    0xe9, 0xff, 0xff, 0xff, 0xff, 0xff, 0x4b, 0x0,
    0x0, 0x0, 0x0, 0x0, 0x0, 0x0, 0x0, 0x0,
    0x0, 0x0, 0x0, 0x0, 0x0, 0x27, 0xa8, 0xe7,
    0xfa, 0xdc, 0x66, 0x0, 0x0, 0x0, 0x0, 0x0,
    0x0, 0x0, 0x0, 0x0,

    /* U+0042 "B" */
    0x0, 0x0, 0x0, 0x0, 0x0, 0x3, 0x50, 0x9c,
    0xd2, 0xea, 0xeb, 0xd2, 0x9c, 0x4e, 0x3, 0x0,
    0x0, 0x0, 0x0, 0x0, 0x0, 0x0, 0x0, 0x0,
    0x4f, 0xd9, 0xff, 0xff, 0xff, 0xff, 0xff, 0xff,
    0xff, 0xff, 0xd7, 0x4e, 0x0, 0x0, 0x0, 0x0,
    0x0, 0x0, 0x2, 0x88, 0xff, 0xff, 0xd1, 0x6a,
    0x27, 0x8, 0x8, 0x28, 0x6a, 0xd2, 0xff, 0xff,
    0x88, 0x2, 0x0, 0x0, 0x0, 0x0, 0x8a, 0xff,
    0xfb, 0x73, 0x1, 0x0, 0x0, 0x0, 0x0, 0x3,
    0x7, 0x1, 0x75, 0xfb, 0xff, 0x89, 0x0, 0x0,
    0x0, 0x50, 0xff, 0xfb, 0x44, 0x0, 0x0, 0xc8,
    0xc7, 0x0, 0x2, 0xd0, 0xe0, 0x2, 0x0, 0x45,
    0xfb, 0xff, 0x50, 0x0, 0x3, 0xd9, 0xff, 0x74,
    0x0, 0x0, 0x0, 0xc8, 0xc7, 0x0, 0x4b, 0xff,
    0xda, 0x0, 0x0, 0x0, 0x75, 0xff, 0xd9, 0x3,
    0x51, 0xff, 0xd0, 0x1, 0x0, 0x0, 0x0, 0x0,
    0x0, 0x0, 0xb1, 0xff, 0x74, 0x0, 0x0, 0x0,
    0x1, 0xd1, 0xff, 0x51, 0xa0, 0xff, 0x67, 0x0,
    0xc8, 0xc7, 0x0, 0x0, 0x0, 0x1a, 0xfc, 0xf9,
    0x15, 0x0, 0xc8, 0xc8, 0x0, 0x68, 0xff, 0x9e,
    0xd6, 0xff, 0x23, 0x0, 0xc8, 0xc7, 0x0, 0x0,
    0x48, 0xec, 0xff, 0xad, 0x0, 0x0, 0xc9, 0xc8,
    0x0, 0x24, 0xff, 0xd5, 0xef, 0xff, 0x4, 0x0,
    0x0, 0x0, 0x0, 0x0, 0xe5, 0xff, 0xff, 0xda,
    0x0, 0x0, 0x0, 0x0, 0x0, 0x5, 0xff, 0xee,
    0xf0, 0xff, 0x8, 0x0, 0x0, 0x0, 0x0, 0x0,
    0xe3, 0xff, 0xff, 0xe8, 0x0, 0x0, 0x0, 0x0,
    0x0, 0x9, 0xff, 0xef, 0xd7, 0xff, 0x24, 0x0,
    0x0, 0x0, 0x0, 0x0, 0x49, 0xe3, 0xe2, 0x4a,
    0x0, 0x0, 0x0, 0x0, 0x0, 0x24, 0xff, 0xd6,
    0xa2, 0xff, 0x68, 0x0, 0x0, 0x0, 0x0, 0x0,
    0x0, 0x0, 0x0, 0x0, 0x0, 0x0, 0x0, 0x0,
    0x0, 0x69, 0xff, 0xa1, 0x55, 0xff, 0xca, 0x1,
    0x0, 0x0, 0x0, 0x0, 0x0, 0x0, 0x0, 0x0,
    0x0, 0x0, 0x0, 0x0, 0x1, 0xca, 0xff, 0x55,
    0x5, 0xde, 0xff, 0x61, 0x0, 0x0, 0x2b, 0x94,
    0xd6, 0xf4, 0xf4, 0xd7, 0x95, 0x2e, 0x0, 0x0,
    0x61, 0xff, 0xdd, 0x5, 0x0, 0x56, 0xff, 0xf6,
    0x47, 0x92, 0xfe, 0xff, 0xff, 0xff, 0xff, 0xff,
    0xff, 0xfe, 0x98, 0x47, 0xf7, 0xff, 0x55, 0x0,
    0x0, 0x0, 0x90, 0xff, 0xff, 0xff, 0xff, 0xff,
    0xff, 0xff, 0xff, 0xff, 0xff, 0xff, 0xff, 0xff,
    0xff, 0x8f, 0x0, 0x0, 0x0, 0x0, 0x3, 0x91,
    0xff, 0xff, 0xff, 0xff, 0xff, 0xff, 0xff, 0xff,
    0xff, 0xff, 0xff, 0xff, 0x91, 0x3, 0x0, 0x0,
    0x0, 0x0, 0x0, 0x0, 0x57, 0xdf, 0xff, 0xff,
    0xff, 0xff, 0xff, 0xff, 0xff, 0xff, 0xde, 0x56,
    0x0, 0x0, 0x0, 0x0, 0x0, 0x0, 0x0, 0x0,
    0x0, 0x6, 0x58, 0xa5, 0xdb, 0xf3, 0xf3, 0xdb,
    0xa5, 0x57, 0x5, 0x0, 0x0, 0x0, 0x0, 0x0,

    /* U+0043 "C" */
    0x0, 0x0, 0x0, 0x25, 0xaf, 0xf2, 0xf2, 0xaf,
    0x25, 0x0, 0x0, 0x0, 0x0, 0x0, 0x25, 0xed,
    0xff, 0xff, 0xff, 0xff, 0xed, 0x24, 0x0, 0x0,
    0x0, 0x0, 0xad, 0xff, 0xff, 0xff, 0xff, 0xff,
    0xff, 0xad, 0x0, 0x0, 0x0, 0x0, 0xef, 0xff,
    0xff, 0xff, 0xff, 0xff, 0xff, 0xef, 0x0, 0x0,
    0x0, 0x0, 0xfb, 0xff, 0xff, 0xff, 0xff, 0xff,
    0xff, 0xfb, 0x0, 0x0, 0x0, 0x0, 0xfb, 0xff,
    0xff, 0xff, 0xff, 0xff, 0xff, 0xfb, 0x0, 0x0,
    0x0, 0x0, 0xfb, 0xff, 0xff, 0xff, 0xff, 0xff,
    0xff, 0xfb, 0x0, 0x0, 0x0, 0x0, 0xfb, 0xff,
    0xff, 0xff, 0xff, 0xff, 0xff, 0xfb, 0x0, 0x0,
    0x0, 0x0, 0xfb, 0xff, 0xff, 0xff, 0xff, 0xff,
    0xff, 0xfb, 0x0, 0x0, 0x3, 0x3, 0xfc, 0xff,
    0xff, 0xff, 0xff, 0xff, 0xff, 0xfc, 0x3, 0x3,
    0xff, 0xff, 0xff, 0xff, 0xff, 0xff, 0xff, 0xff,
    0xff, 0xff, 0xff, 0xff, 0xff, 0xff, 0xff, 0xff,
    0xff, 0xff, 0xff, 0xff, 0xff, 0xff, 0xff, 0xff,
    0x0, 0x0, 0x0, 0xff, 0xff, 0x3, 0x3, 0xff,
    0xff, 0x0, 0x0, 0x0, 0x0, 0x0, 0x0, 0xff,
    0xff, 0x3, 0x3, 0xff, 0xff, 0x0, 0x0, 0x0,
    0x0, 0x0, 0x0, 0xff, 0xff, 0x3, 0x3, 0xff,
    0xff, 0x0, 0x0, 0x0, 0x0, 0x0, 0x0, 0xff,
    0xff, 0x3, 0x3, 0xff, 0xff, 0x0, 0x0, 0x0,
    0x0, 0x0, 0x0, 0xff, 0xff, 0x3, 0x3, 0xff,
    0xff, 0x0, 0x0, 0x0,

    /* U+0044 "D" */
    0x0, 0x0, 0x0, 0x0, 0x0, 0x0, 0x0, 0x0,
    0x0, 0xfb, 0xfb, 0x0, 0x0, 0x0, 0x0, 0x0,
    0x0, 0x0, 0x0, 0x0, 0x0, 0x0, 0x0, 0x0,
    0x0, 0x0, 0x0, 0x0, 0x0, 0xfb, 0xfb, 0x0,
    0x0, 0x0, 0x0, 0x0, 0x0, 0x0, 0x0, 0x0,
    0x0, 0x0, 0x0, 0x67, 0x16, 0x0, 0x0, 0x0,
    0x0, 0xfb, 0xfb, 0x0, 0x0, 0x0, 0x0, 0x17,
    0x67, 0x0, 0x0, 0x0, 0x0, 0x0, 0x65, 0xff,
    0xd4, 0x16, 0x0, 0x0, 0x0, 0xf8, 0xf8, 0x0,
    0x0, 0x0, 0x19, 0xd7, 0xff, 0x64, 0x0, 0x0,
    0x0, 0x0, 0x13, 0xd1, 0xff, 0xd4, 0x16, 0x0,
    0x0, 0x0, 0x0, 0x0, 0x0, 0x1a, 0xd9, 0xff,
    0xce, 0x12, 0x0, 0x0, 0x0, 0x0, 0x0, 0x13,
    0xd1, 0xff, 0x6c, 0x0, 0x0, 0x0, 0x0, 0x0,
    0x0, 0x79, 0xff, 0xcb, 0x11, 0x0, 0x0, 0x0,
    0x0, 0x0, 0x0, 0x0, 0x13, 0x6b, 0x0, 0x25,
    0xaf, 0xf2, 0xf2, 0xaf, 0x25, 0x0, 0x6f, 0xf,
    0x0, 0x0, 0x0, 0x0, 0x0, 0x0, 0x0, 0x0,
    0x0, 0x0, 0x25, 0xed, 0xff, 0xff, 0xff, 0xff,
    0xed, 0x24, 0x0, 0x0, 0x0, 0x0, 0x0, 0x0,
    0x0, 0x0, 0x0, 0x0, 0x0, 0x0, 0xad, 0xff,
    0xff, 0xff, 0xff, 0xff, 0xff, 0xad, 0x0, 0x0,
    0x0, 0x0, 0x0, 0x0, 0xfb, 0xff, 0xff, 0xff,
    0x0, 0x0, 0xef, 0xff, 0xff, 0xff, 0xff, 0xff,
    0xff, 0xef, 0x0, 0x0, 0xff, 0xff, 0xff, 0xfb,
    0xfb, 0xff, 0xff, 0xff, 0x0, 0x0, 0xfb, 0xff,
    0xff, 0xff, 0xff, 0xff, 0xff, 0xfb, 0x0, 0x0,
    0xff, 0xff, 0xff, 0xfb, 0x3, 0x3, 0x3, 0x3,
    0x0, 0x0, 0xfb, 0xff, 0xff, 0xff, 0xff, 0xff,
    0xff, 0xfb, 0x0, 0x0, 0x3, 0x3, 0x3, 0x3,
    0x0, 0x0, 0x0, 0x0, 0x0, 0x0, 0xfb, 0xff,
    0xff, 0xff, 0xff, 0xff, 0xff, 0xfb, 0x0, 0x0,
    0x0, 0x0, 0x0, 0x0, 0x0, 0x0, 0x0, 0x0,
    0x0, 0x0, 0xfb, 0xff, 0xff, 0xff, 0xff, 0xff,
    0xff, 0xfb, 0x0, 0x0, 0x0, 0x0, 0x0, 0x0,
    0x0, 0x0, 0x0, 0x0, 0x0, 0x0, 0xfb, 0xff,
    0xff, 0xff, 0xff, 0xff, 0xff, 0xfb, 0x0, 0x0,
    0x0, 0x0, 0x0, 0x0, 0x0, 0x0, 0x0, 0x0,
    0x3, 0x3, 0xfc, 0xff, 0xff, 0xff, 0xff, 0xff,
    0xff, 0xfc, 0x3, 0x3, 0x0, 0x0, 0x0, 0x0,
    0x0, 0x0, 0x0, 0x0, 0xff, 0xff, 0xff, 0xff,
    0xff, 0xff, 0xff, 0xff, 0xff, 0xff, 0xff, 0xff,
    0x0, 0x0, 0x0, 0x0, 0x0, 0x0, 0x0, 0x0,
    0xff, 0xff, 0xff, 0xff, 0xff, 0xff, 0xff, 0xff,
    0xff, 0xff, 0xff, 0xff, 0x0, 0x0, 0x0, 0x0,
    0x0, 0x0, 0x0, 0x0, 0x0, 0x0, 0x0, 0xff,
    0xff, 0x3, 0x3, 0xff, 0xff, 0x0, 0x0, 0x0,
    0x0, 0x0, 0x0, 0x0, 0x0, 0x0, 0x0, 0x0,
    0x0, 0x0, 0x0, 0xff, 0xff, 0x3, 0x3, 0xff,
    0xff, 0x0, 0x0, 0x0, 0x0, 0x0, 0x0, 0x0,
    0x0, 0x0, 0x0, 0x0, 0x0, 0x0, 0x0, 0xff,
    0xff, 0x3, 0x3, 0xff, 0xff, 0x0, 0x0, 0x0,
    0x0, 0x0, 0x0, 0x0, 0x0, 0x0, 0x0, 0x0,
    0x0, 0x0, 0x0, 0xff, 0xff, 0x3, 0x3, 0xff,
    0xff, 0x0, 0x0, 0x0, 0x0, 0x0, 0x0, 0x0,
    0x0, 0x0, 0x0, 0x0, 0x0, 0x0, 0x0, 0xff,
    0xff, 0x3, 0x3, 0xff, 0xff, 0x0, 0x0, 0x0,
    0x0, 0x0, 0x0, 0x0,

    /* U+0045 "E" */
    0x0, 0x0, 0x0, 0x25, 0xaf, 0xf2, 0xf2, 0xaf,
    0x25, 0x0, 0x0, 0x0, 0x0, 0x0, 0x25, 0xed,
    0xff, 0xff, 0xff, 0xff, 0xed, 0x24, 0x0, 0x0,
    0x0, 0x0, 0xad, 0xff, 0xb6, 0x1f, 0x1f, 0xb8,
    0xff, 0xad, 0x0, 0x0, 0x0, 0x0, 0xef, 0xff,
    0x18, 0x0, 0x0, 0x18, 0xff, 0xef, 0x0, 0x0,
    0x0, 0x0, 0xfb, 0xfb, 0x0, 0x0, 0x0, 0x0,
    0xfb, 0xfb, 0x0, 0x0, 0x0, 0x0, 0xfb, 0xfb,
    0x0, 0x0, 0x0, 0x0, 0xfb, 0xfb, 0x0, 0x0,
    0x0, 0x0, 0xfb, 0xfb, 0x0, 0x0, 0x0, 0x0,
    0xfb, 0xfb, 0x0, 0x0, 0x0, 0x0, 0xfb, 0xfb,
    0x0, 0x0, 0x0, 0x0, 0xfb, 0xfb, 0x0, 0x0,
    0x0, 0x0, 0xfb, 0xfb, 0x0, 0x0, 0x0, 0x0,
    0xfb, 0xfb, 0x0, 0x0, 0x3, 0x3, 0xfc, 0xff,
    0xff, 0xff, 0xff, 0xff, 0xff, 0xfc, 0x3, 0x3,
    0xff, 0xff, 0xff, 0xff, 0xff, 0xff, 0xff, 0xff,
    0xff, 0xff, 0xff, 0xff, 0xff, 0xff, 0xff, 0xff,
    0xff, 0xff, 0xff, 0xff, 0xff, 0xff, 0xff, 0xff,
    0x0, 0x0, 0x0, 0xff, 0xff, 0x3, 0x3, 0xff,
    0xff, 0x0, 0x0, 0x0, 0x0, 0x0, 0x0, 0xff,
    0xff, 0x3, 0x3, 0xff, 0xff, 0x0, 0x0, 0x0,
    0x0, 0x0, 0x0, 0xff, 0xff, 0x3, 0x3, 0xff,
    0xff, 0x0, 0x0, 0x0, 0x0, 0x0, 0x0, 0xff,
    0xff, 0x3, 0x3, 0xff, 0xff, 0x0, 0x0, 0x0,
    0x0, 0x0, 0x0, 0xff, 0xff, 0x3, 0x3, 0xff,
    0xff, 0x0, 0x0, 0x0,

    /* U+0046 "F" */
    0x0, 0x0, 0x0, 0x0, 0x0, 0x0, 0xff, 0xff,
    0x3, 0x3, 0xff, 0xff, 0x0, 0x0, 0x0, 0x0,
    0x0, 0x0, 0x0, 0x0, 0x0, 0x0, 0x0, 0x0,
    0xff, 0xff, 0x3, 0x3, 0xff, 0xff, 0x0, 0x0,
    0x0, 0x0, 0x0, 0x0, 0x0, 0x0, 0x41, 0xdb,
    0xf7, 0xf7, 0xff, 0xff, 0xf8, 0xf8, 0xff, 0xff,
    0xf7, 0xf7, 0xdb, 0x3f, 0x0, 0x0, 0x0, 0x0,
    0xde, 0xff, 0xff, 0xff, 0xff, 0xff, 0xff, 0xff,
    0xff, 0xff, 0xff, 0xff, 0xff, 0xde, 0x0, 0x0,
    0x0, 0x0, 0xfb, 0xfb, 0x0, 0x0, 0x0, 0x0,
    0x0, 0x0, 0x0, 0x0, 0x0, 0x0, 0xfb, 0xfb,
    0x0, 0x0, 0x0, 0x0, 0xfb, 0xfb, 0x0, 0x0,
    0x0, 0x0, 0x0, 0x0, 0x0, 0x0, 0x0, 0x0,
    0xfb, 0xfb, 0x0, 0x0, 0xff, 0xff, 0xff, 0xfb,
    0x0, 0x0, 0xff, 0xff, 0xff, 0xff, 0xff, 0xff,
    0x0, 0x0, 0xfb, 0xff, 0xff, 0xff, 0xff, 0xff,
    0xff, 0xfb, 0x0, 0x0, 0xff, 0xff, 0xff, 0xff,
    0xff, 0xff, 0x0, 0x0, 0xfb, 0xff, 0xff, 0xff,
    0x3, 0x3, 0xfc, 0xfb, 0x0, 0x0, 0xff, 0xff,
    0x7, 0x7, 0xff, 0xff, 0x0, 0x0, 0xfb, 0xfc,
    0x3, 0x3, 0x0, 0x0, 0xfb, 0xfb, 0x0, 0x0,
    0xff, 0xff, 0x3, 0x3, 0xff, 0xff, 0x0, 0x0,
    0xfb, 0xfb, 0x0, 0x0, 0xff, 0xff, 0xff, 0xfb,
    0x0, 0x0, 0xff, 0xff, 0xff, 0xff, 0xff, 0xff,
    0x0, 0x0, 0xfb, 0xff, 0xff, 0xff, 0xff, 0xff,
    0xff, 0xfb, 0x0, 0x0, 0xff, 0xff, 0xff, 0xff,
    0xff, 0xff, 0x0, 0x0, 0xfb, 0xff, 0xff, 0xff,
    0x3, 0x3, 0xfc, 0xfb, 0x0, 0x0, 0x3, 0x3,
    0x3, 0x3, 0x3, 0x3, 0x0, 0x0, 0xfb, 0xfc,
    0x3, 0x3, 0x0, 0x0, 0xfb, 0xfb, 0x0, 0x0,
    0x0, 0x0, 0x0, 0x0, 0x0, 0x0, 0x0, 0x0,
    0xfb, 0xfb, 0x0, 0x0, 0x0, 0x0, 0xe1, 0xff,
    0xf7, 0xf7, 0xf7, 0xf7, 0xf7, 0xf7, 0xf7, 0xf7,
    0xf7, 0xf7, 0xff, 0xe0, 0x0, 0x0, 0x0, 0x0,
    0x49, 0xe4, 0xff, 0xff, 0xff, 0xff, 0xff, 0xff,
    0xff, 0xff, 0xff, 0xff, 0xe4, 0x47, 0x0, 0x0,
    0x0, 0x0, 0x0, 0x0, 0x0, 0x0, 0xff, 0xff,
    0x3, 0x3, 0xff, 0xff, 0x0, 0x0, 0x0, 0x0,
    0x0, 0x0, 0x0, 0x0, 0x0, 0x0, 0x0, 0x0,
    0xff, 0xff, 0x3, 0x3, 0xff, 0xff, 0x0, 0x0,
    0x0, 0x0, 0x0, 0x0,

    /* U+0047 "G" */
    0x85, 0x9, 0x0, 0x0, 0x0, 0x0, 0x0, 0x0,
    0x0, 0x0, 0x0, 0xfb, 0xdc, 0x43, 0x0, 0x0,
    0x0, 0x0, 0x0, 0x0, 0x0, 0x0, 0xfb, 0xff,
    0xff, 0x9f, 0x12, 0x0, 0x0, 0x0, 0x0, 0x0,
    0x0, 0xfb, 0xff, 0xff, 0xff, 0xe9, 0x59, 0x0,
    0x0, 0x0, 0x0, 0x0, 0xfb, 0xff, 0xff, 0xff,
    0xff, 0xff, 0xb6, 0x1f, 0x0, 0x0, 0x0, 0xfb,
    0xff, 0xff, 0xff, 0xff, 0xff, 0xff, 0xf4, 0x70,
    0x2, 0x0, 0xfb, 0xff, 0xff, 0xff, 0xff, 0xff,
    0xff, 0xff, 0xff, 0xca, 0x2f, 0xfb, 0xff, 0xff,
    0xff, 0xff, 0xff, 0xff, 0xff, 0xff, 0xf5, 0x6e,
    0xfb, 0xff, 0xff, 0xff, 0xff, 0xff, 0xff, 0xff,
    0xb8, 0x20, 0x0, 0xfb, 0xff, 0xff, 0xff, 0xff,
    0xff, 0xeb, 0x5c, 0x0, 0x0, 0x0, 0xfb, 0xff,
    0xff, 0xff, 0xff, 0xa2, 0x13, 0x0, 0x0, 0x0,
    0x0, 0xfb, 0xff, 0xff, 0xdd, 0x45, 0x0, 0x0,
    0x0, 0x0, 0x0, 0x0, 0xfb, 0xfc, 0x8b, 0xa,
    0x0, 0x0, 0x0, 0x0, 0x0, 0x0, 0x0, 0xc9,
    0x31, 0x0, 0x0, 0x0, 0x0, 0x0, 0x0, 0x0,
    0x0, 0x0, 0x3, 0x0, 0x0, 0x0, 0x0, 0x0,
    0x0, 0x0, 0x0, 0x0, 0x0,

    /* U+0048 "H" */
    0x87, 0x1, 0x0, 0x0, 0x0, 0x0, 0x0, 0x0,
    0x0, 0x3, 0xf7, 0xf7, 0xf4, 0x0, 0x0, 0xf7,
    0xf7, 0xf7, 0xff, 0xa7, 0x7, 0x0, 0x0, 0x0,
    0x0, 0x0, 0x0, 0x3, 0xff, 0xff, 0xfb, 0x0,
    0x0, 0xff, 0xff, 0xff, 0xff, 0xff, 0xc2, 0x12,
    0x0, 0x0, 0x0, 0x0, 0x0, 0x3, 0xff, 0xff,
    0xfb, 0x0, 0x0, 0xff, 0xff, 0xff, 0xff, 0xff,
    0xff, 0xd8, 0x22, 0x0, 0x0, 0x0, 0x0, 0x3,
    0xff, 0xff, 0xfb, 0x0, 0x0, 0xff, 0xff, 0xff,
    0xff, 0xff, 0xff, 0xff, 0xe9, 0x36, 0x0, 0x0,
    0x0, 0x3, 0xff, 0xff, 0xfb, 0x0, 0x0, 0xff,
    0xff, 0xff, 0xff, 0xff, 0xff, 0xff, 0xff, 0xf5,
    0x50, 0x0, 0x0, 0x3, 0xff, 0xff, 0xfb, 0x0,
    0x0, 0xff, 0xff, 0xff, 0xff, 0xff, 0xff, 0xff,
    0xff, 0xff, 0xfd, 0x6e, 0x0, 0x3, 0xff, 0xff,
    0xfb, 0x0, 0x0, 0xff, 0xff, 0xff, 0xff, 0xff,
    0xff, 0xff, 0xff, 0xff, 0xfe, 0x77, 0x0, 0x3,
    0xff, 0xff, 0xfb, 0x0, 0x0, 0xff, 0xff, 0xff,
    0xff, 0xff, 0xff, 0xff, 0xff, 0xf8, 0x57, 0x0,
    0x0, 0x3, 0xff, 0xff, 0xfb, 0x0, 0x0, 0xff,
    0xff, 0xff, 0xff, 0xff, 0xff, 0xff, 0xed, 0x3c,
    0x0, 0x0, 0x0, 0x3, 0xff, 0xff, 0xfb, 0x0,
    0x0, 0xff, 0xff, 0xff, 0xff, 0xff, 0xff, 0xdd,
    0x26, 0x0, 0x0, 0x0, 0x0, 0x3, 0xff, 0xff,
    0xfb, 0x0, 0x0, 0xff, 0xff, 0xff, 0xff, 0xff,
    0xc8, 0x15, 0x0, 0x0, 0x0, 0x0, 0x0, 0x3,
    0xff, 0xff, 0xfb, 0x0, 0x0, 0xff, 0xff, 0xff,
    0xff, 0xae, 0x9, 0x0, 0x0, 0x0, 0x0, 0x0,
    0x0, 0x3, 0xff, 0xff, 0xfb, 0x0, 0x0, 0xff,
    0xff, 0xff, 0x90, 0x2, 0x0, 0x0, 0x0, 0x0,
    0x0, 0x0, 0x0, 0x3, 0xff, 0xff, 0xfb, 0x0,
    0x0, 0xff, 0xff, 0xff,

    /* U+0049 "I" */
    0x0, 0x0, 0x0, 0x0, 0x0, 0x0, 0x7c, 0xf7,
    0xf7, 0xf7, 0xf7, 0xf7, 0xf7, 0xf7, 0xf7, 0xdc,
    0x44, 0x0, 0x0, 0x0, 0x0, 0x0, 0x0, 0x7d,
    0xff, 0xff, 0xff, 0xff, 0xff, 0xff, 0xff, 0xff,
    0xff, 0xff, 0xe5, 0x0, 0x0, 0x0, 0x0, 0x0,
    0x7d, 0xff, 0xfb, 0x0, 0x0, 0xfb, 0x0, 0x0,
    0xfb, 0x0, 0x0, 0xff, 0xff, 0x3, 0x0, 0x0,
    0x0, 0x7e, 0xff, 0xff, 0xfb, 0x0, 0x0, 0xfb,
    0x0, 0x0, 0xfb, 0x0, 0x0, 0xff, 0xff, 0x3,
    0x0, 0x0, 0x7e, 0xff, 0xff, 0xff, 0xfb, 0x0,
    0x0, 0xfb, 0x0, 0x0, 0xfb, 0x0, 0x0, 0xff,
    0xff, 0x3, 0x0, 0x7f, 0xff, 0xff, 0xff, 0xff,
    0xfb, 0x0, 0x0, 0xfb, 0x0, 0x0, 0xfb, 0x0,
    0x0, 0xff, 0xff, 0x3, 0x3, 0xff, 0xff, 0xff,
    0xff, 0xff, 0xff, 0xfb, 0xfb, 0xff, 0xfb, 0xfb,
    0xff, 0xfb, 0xfb, 0xff, 0xff, 0x3, 0x3, 0xff,
    0xff, 0xff, 0xff, 0xff, 0xff, 0xff, 0xff, 0xff,
    0xff, 0xff, 0xff, 0xff, 0xff, 0xff, 0xff, 0x3,
    0x3, 0xff, 0xff, 0xff, 0xff, 0xff, 0xff, 0xff,
    0xff, 0xff, 0xff, 0xff, 0xff, 0xff, 0xff, 0xff,
    0xff, 0x3, 0x3, 0xff, 0xff, 0xff, 0xff, 0xff,
    0xff, 0xff, 0xff, 0xff, 0xff, 0xff, 0xff, 0xff,
    0xff, 0xff, 0xff, 0x3, 0x3, 0xff, 0xff, 0xff,
    0xff, 0xff, 0xff, 0xff, 0xff, 0xff, 0xff, 0xff,
    0xff, 0xff, 0xff, 0xff, 0xff, 0x3, 0x3, 0xff,
    0xff, 0xff, 0xff, 0xff, 0xff, 0xff, 0xff, 0xff,
    0xff, 0xff, 0xff, 0xff, 0xff, 0xff, 0xff, 0x3,
    0x3, 0xff, 0xff, 0xff, 0xff, 0xff, 0xff, 0xff,
    0xff, 0xff, 0xff, 0xff, 0xff, 0xff, 0xff, 0xff,
    0xff, 0x3, 0x3, 0xff, 0xff, 0xff, 0xff, 0xff,
    0xff, 0xff, 0xff, 0xff, 0xff, 0xff, 0xff, 0xff,
    0xff, 0xff, 0xff, 0x3, 0x3, 0xff, 0xff, 0xff,
    0xff, 0xff, 0xff, 0xff, 0xff, 0xff, 0xff, 0xff,
    0xff, 0xff, 0xff, 0xff, 0xff, 0x3, 0x3, 0xff,
    0xff, 0xff, 0xff, 0xff, 0xff, 0xff, 0xff, 0xff,
    0xff, 0xff, 0xff, 0xff, 0xff, 0xff, 0xff, 0x3,
    0x3, 0xff, 0xff, 0xff, 0xff, 0xff, 0xff, 0xff,
    0xff, 0xff, 0xff, 0xff, 0xff, 0xff, 0xff, 0xff,
    0xff, 0x3, 0x3, 0xff, 0xff, 0xff, 0xff, 0xff,
    0xff, 0xff, 0xff, 0xff, 0xff, 0xff, 0xff, 0xff,
    0xff, 0xff, 0xff, 0x3, 0x0, 0xe9, 0xff, 0xff,
    0xff, 0xff, 0xff, 0xff, 0xff, 0xff, 0xff, 0xff,
    0xff, 0xff, 0xff, 0xff, 0xe8, 0x0, 0x0, 0x4f,
    0xe5, 0xff, 0xff, 0xff, 0xff, 0xff, 0xff, 0xff,
    0xff, 0xff, 0xff, 0xff, 0xff, 0xe5, 0x4c, 0x0,

    /* U+004A "J" */
    0xff, 0xff, 0xff, 0xff, 0xff, 0xff, 0xff, 0xff,
    0xff, 0xff, 0xff, 0xff, 0xff, 0xff, 0xff, 0xff,
    0xff, 0xff, 0xff, 0xff, 0xff, 0xff, 0xff, 0xff,
    0xff, 0xff, 0xff, 0xff, 0xff, 0xff, 0xff, 0xff,
    0xff, 0xff, 0xff, 0xff, 0xff, 0xff, 0xff, 0xff,
    0xff, 0xff, 0xff, 0xff, 0xff, 0xff, 0xff, 0xff,
    0xff, 0xff, 0xff, 0xff, 0xff, 0xff, 0xff, 0xff,
    0xff, 0xff, 0xff, 0xff, 0xff, 0xff, 0xff, 0xff,
    0xff, 0xff, 0xff, 0xff, 0xff, 0xff, 0xff, 0xff,
    0xff, 0xff, 0xff, 0xff, 0xff, 0xff, 0xff, 0xff,
    0xff, 0xff, 0xff, 0xff, 0xff, 0xff, 0xff, 0xff,
    0xff, 0xff, 0xff, 0xff, 0xff, 0xff, 0xff, 0xff,
    0xff, 0xff, 0xff, 0xff, 0xff, 0xff, 0xff, 0xff,
    0xff, 0xff, 0xff, 0xff, 0xff, 0xff, 0xff, 0xff,
    0xff, 0xff, 0xff, 0xff, 0xff, 0xff, 0xff, 0xff,
    0xff, 0xff, 0xff, 0xff, 0xff, 0xff, 0xff, 0xff,
    0xff, 0xff, 0xff, 0xff, 0xff, 0xff, 0xff, 0xff,
    0xff, 0xff, 0xff, 0xff, 0xff, 0xff, 0xff, 0xff,

    /* U+004B "K" */
    0x0, 0x0, 0x0, 0x0, 0x0, 0x0, 0x0, 0x0,
    0x0, 0x0, 0x0, 0x0, 0x0, 0x0, 0x0, 0x0,
    0x0, 0x0, 0x8, 0x90, 0xeb, 0xeb, 0x8f, 0x7,
    0x0, 0x0, 0x0, 0x0, 0x0, 0x0, 0x0, 0x0,
    0x0, 0x0, 0x0, 0x0, 0x90, 0xff, 0xff, 0xff,
    0xff, 0x8d, 0x0, 0x0, 0x0, 0x0, 0x0, 0x0,
    0x0, 0x0, 0x0, 0x0, 0x0, 0x0, 0xe9, 0xff,
    0x3b, 0x3b, 0xff, 0xe8, 0x0, 0x0, 0x0, 0x3,
    0x5c, 0xb3, 0xe7, 0xfa, 0xea, 0xb6, 0x59, 0x2,
    0xe8, 0xff, 0x3f, 0x3f, 0xff, 0xe7, 0x0, 0x0,
    0x25, 0xd2, 0xff, 0xff, 0xff, 0xff, 0xff, 0xff,
    0xff, 0x80, 0x8f, 0xff, 0xff, 0xff, 0xff, 0x8c,
    0x0, 0x25, 0xed, 0xff, 0xff, 0xff, 0xff, 0xff,
    0xff, 0xff, 0xff, 0x32, 0x8, 0x8f, 0xe8, 0xe8,
    0x8d, 0x7, 0x3, 0xd2, 0xff, 0xff, 0xf5, 0x7a,
    0x20, 0x6, 0x21, 0x7d, 0xc7, 0x0, 0x0, 0x0,
    0x0, 0x0, 0x0, 0x0, 0x5b, 0xff, 0xff, 0xf5,
    0x37, 0x0, 0x0, 0x0, 0x0, 0x0, 0x7, 0x0,
    0x0, 0x0, 0x0, 0x0, 0x0, 0x0, 0xb3, 0xff,
    0xff, 0x7a, 0x0, 0x0, 0x0, 0x0, 0x0, 0x0,
    0x0, 0x0, 0x0, 0x0, 0x0, 0x0, 0x0, 0x0,
    0xe7, 0xff, 0xff, 0x20, 0x0, 0x0, 0x0, 0x0,
    0x0, 0x0, 0x0, 0x0, 0x0, 0x0, 0x0, 0x0,
    0x0, 0x0, 0xf9, 0xff, 0xff, 0x5, 0x0, 0x0,
    0x0, 0x0, 0x0, 0x0, 0x0, 0x0, 0x0, 0x0,
    0x0, 0x0, 0x0, 0x0, 0xdf, 0xff, 0xff, 0x20,
    0x0, 0x0, 0x0, 0x0, 0x0, 0x0, 0x0, 0x0,
    0x0, 0x0, 0x0, 0x0, 0x0, 0x0, 0xb2, 0xff,
    0xff, 0x7a, 0x0, 0x0, 0x0, 0x0, 0x0, 0x0,
    0x0, 0x0, 0x0, 0x0, 0x0, 0x0, 0x0, 0x0,
    0x50, 0xff, 0xff, 0xf5, 0x37, 0x0, 0x0, 0x0,
    0x0, 0x0, 0x0, 0x0, 0x0, 0x0, 0x0, 0x0,
    0x0, 0x0, 0x3, 0xc8, 0xff, 0xff, 0xf5, 0x7a,
    0x20, 0x7, 0x29, 0x89, 0x5e, 0x0, 0x0, 0x0,
    0x0, 0x0, 0x0, 0x0, 0x0, 0x1e, 0xe9, 0xff,
    0xff, 0xff, 0xff, 0xff, 0xff, 0xff, 0xce, 0x0,
    0x0, 0x0, 0x0, 0x0, 0x0, 0x0, 0x0, 0x0,
    0x1e, 0xc8, 0xff, 0xff, 0xff, 0xff, 0xff, 0xff,
    0xff, 0x35, 0x0, 0x0, 0x0, 0x0, 0x0, 0x0,
    0x0, 0x0, 0x0, 0x3, 0x50, 0xb2, 0xdf, 0xf9,
    0xec, 0xb9, 0x5d, 0x3,

    /* U+004C "L" */
    0x0, 0x0, 0x0, 0x0, 0x0, 0x6, 0x5b, 0xac,
    0xdf, 0xf7, 0xf3, 0xda, 0xa4, 0x56, 0x5, 0x0,
    0x0, 0x0, 0x0, 0x0, 0x0, 0x0, 0x0, 0x0,
    0x4a, 0xe2, 0xff, 0xff, 0xff, 0xff, 0xff, 0xff,
    0xff, 0xff, 0xdd, 0x56, 0x0, 0x0, 0x0, 0x0,
    0x0, 0x0, 0x2, 0x84, 0xfe, 0xff, 0xd9, 0xe0,
    0xff, 0xbc, 0xbc, 0xff, 0xe0, 0xda, 0xff, 0xff,
    0x90, 0x3, 0x0, 0x0, 0x0, 0x0, 0x85, 0xff,
    0xf8, 0x70, 0x1a, 0xf8, 0xfb, 0x2b, 0x2c, 0xfc,
    0xf8, 0x1a, 0x72, 0xf9, 0xff, 0x8f, 0x0, 0x0,
    0x0, 0x4a, 0xfe, 0xf8, 0x47, 0x0, 0x7a, 0xff,
    0xab, 0x0, 0x0, 0xac, 0xff, 0x7b, 0x0, 0x4a,
    0xf9, 0xff, 0x54, 0x0, 0x6, 0xe2, 0xff, 0x6f,
    0x0, 0x0, 0xcf, 0xff, 0x48, 0x0, 0x0, 0x49,
    0xff, 0xce, 0x0, 0x0, 0x70, 0xff, 0xdc, 0x4,
    0x5a, 0xff, 0xff, 0xf8, 0xf7, 0xf7, 0xff, 0xff,
    0xf8, 0xf7, 0xf7, 0xf8, 0xff, 0xff, 0xf7, 0xf7,
    0xf8, 0xff, 0xff, 0x54, 0xaa, 0xff, 0xff, 0xff,
    0xff, 0xff, 0xff, 0xff, 0xff, 0xff, 0xff, 0xff,
    0xff, 0xff, 0xff, 0xff, 0xff, 0xff, 0xff, 0xa0,
    0xdc, 0xff, 0x29, 0x0, 0x0, 0x68, 0xff, 0x9e,
    0x0, 0x0, 0x0, 0x0, 0x9c, 0xff, 0x67, 0x0,
    0x0, 0x2a, 0xff, 0xd6, 0xf4, 0xff, 0x5, 0x0,
    0x0, 0x7b, 0xff, 0x8c, 0x0, 0x0, 0x0, 0x0,
    0x89, 0xff, 0x7a, 0x0, 0x0, 0x5, 0xff, 0xef,
    0xf0, 0xff, 0x5, 0x0, 0x0, 0x7b, 0xff, 0x8c,
    0x0, 0x0, 0x0, 0x0, 0x88, 0xff, 0x7b, 0x0,
    0x0, 0x5, 0xff, 0xee, 0xd7, 0xff, 0x27, 0x0,
    0x0, 0x69, 0xff, 0x9d, 0x0, 0x0, 0x0, 0x0,
    0x9b, 0xff, 0x68, 0x0, 0x0, 0x28, 0xff, 0xd6,
    0xa1, 0xff, 0xfa, 0xf7, 0xf7, 0xfa, 0xff, 0xfd,
    0xf7, 0xf7, 0xf7, 0xf7, 0xfd, 0xff, 0xfa, 0xf7,
    0xf7, 0xfa, 0xff, 0xa0, 0x54, 0xff, 0xff, 0xff,
    0xff, 0xff, 0xff, 0xff, 0xff, 0xff, 0xff, 0xff,
    0xff, 0xff, 0xff, 0xff, 0xff, 0xff, 0xff, 0x54,
    0x5, 0xdc, 0xff, 0x69, 0x0, 0x0, 0xd1, 0xff,
    0x44, 0x0, 0x0, 0x46, 0xff, 0xd0, 0x0, 0x0,
    0x6b, 0xff, 0xdc, 0x4, 0x0, 0x55, 0xff, 0xf6,
    0x41, 0x0, 0x7b, 0xff, 0xa8, 0x0, 0x0, 0xa9,
    0xff, 0x7c, 0x0, 0x43, 0xf7, 0xff, 0x55, 0x0,
    0x0, 0x0, 0x90, 0xff, 0xf6, 0x68, 0x1a, 0xf8,
    0xfa, 0x28, 0x28, 0xfa, 0xf9, 0x1a, 0x6a, 0xf7,
    0xff, 0x8f, 0x0, 0x0, 0x0, 0x0, 0x3, 0x91,
    0xff, 0xff, 0xd5, 0xdf, 0xff, 0xb7, 0xb8, 0xff,
    0xe0, 0xd5, 0xff, 0xff, 0x91, 0x3, 0x0, 0x0,
    0x0, 0x0, 0x0, 0x0, 0x57, 0xdf, 0xff, 0xff,
    0xff, 0xff, 0xff, 0xff, 0xff, 0xff, 0xde, 0x56,
    0x0, 0x0, 0x0, 0x0, 0x0, 0x0, 0x0, 0x0,
    0x0, 0x6, 0x58, 0xa5, 0xdb, 0xf3, 0xf3, 0xdb,
    0xa5, 0x57, 0x5, 0x0, 0x0, 0x0, 0x0, 0x0,

    /* U+004D "M" */
    0x0, 0x0, 0x0, 0x0, 0x0, 0x4, 0x53, 0xa4,
    0xd7, 0xee, 0xeb, 0xd2, 0x9c, 0x4e, 0x3, 0x0,
    0x0, 0x0, 0x0, 0x0, 0x0, 0x0, 0x0, 0x0,
    0x44, 0xdd, 0xff, 0xff, 0xff, 0xff, 0xff, 0xff,
    0xff, 0xff, 0xd7, 0x4e, 0x0, 0x0, 0x0, 0x0,
    0x0, 0x0, 0x1, 0x7d, 0xfd, 0xff, 0xd1, 0x6a,
    0x27, 0x8, 0x8, 0x28, 0x6a, 0xd2, 0xff, 0xff,
    0x88, 0x2, 0x0, 0x0, 0x0, 0x0, 0x80, 0xff,
    0xfb, 0x73, 0x1, 0x0, 0x0, 0x0, 0x0, 0x0,
    0x0, 0x1, 0x75, 0xfb, 0xff, 0x89, 0x0, 0x0,
    0x0, 0x47, 0xfd, 0xfb, 0x44, 0x0, 0x0, 0x0,
    0x0, 0x0, 0x0, 0x0, 0x0, 0x0, 0x0, 0x45,
    0xfb, 0xff, 0x50, 0x0, 0x5, 0xe1, 0xff, 0x74,
    0x0, 0x0, 0x0, 0x0, 0x0, 0xfc, 0xfc, 0x0,
    0x0, 0x0, 0x0, 0x0, 0x75, 0xff, 0xd9, 0x3,
    0x58, 0xff, 0xd0, 0x1, 0x0, 0x0, 0x0, 0x0,
    0x0, 0xfc, 0xfc, 0x0, 0x0, 0x0, 0x0, 0x0,
    0x1, 0xd1, 0xff, 0x51, 0xa9, 0xff, 0x67, 0x0,
    0x0, 0x0, 0x0, 0x0, 0x0, 0xfc, 0xfc, 0x0,
    0x0, 0x0, 0x0, 0x0, 0x0, 0x68, 0xff, 0x9e,
    0xdc, 0xff, 0x23, 0x0, 0x0, 0x0, 0x0, 0x0,
    0x0, 0xfc, 0xfc, 0x0, 0x0, 0x0, 0x0, 0x0,
    0x0, 0x24, 0xff, 0xd5, 0xf3, 0xff, 0x4, 0x0,
    0x0, 0x0, 0x0, 0x0, 0x0, 0xfc, 0xfc, 0x0,
    0x0, 0x0, 0x0, 0x0, 0x0, 0x5, 0xff, 0xee,
    0xf0, 0xff, 0x4, 0x0, 0x0, 0x0, 0x0, 0x0,
    0x0, 0xfc, 0xfc, 0x0, 0x0, 0x0, 0x0, 0x0,
    0x0, 0x4, 0xff, 0xef, 0xd7, 0xff, 0x22, 0x0,
    0x0, 0x0, 0x0, 0x0, 0x0, 0x0, 0x0, 0x0,
    0x0, 0x0, 0x0, 0x0, 0x0, 0x23, 0xff, 0xd6,
    0xa2, 0xff, 0x63, 0x0, 0x0, 0x0, 0x0, 0x0,
    0x0, 0x0, 0x0, 0x0, 0x0, 0x0, 0x0, 0x0,
    0x0, 0x64, 0xff, 0xa1, 0x55, 0xff, 0xcb, 0x0,
    0x0, 0x0, 0x0, 0x0, 0x0, 0xf8, 0xf8, 0x0,
    0x0, 0x0, 0x0, 0x0, 0x0, 0xcc, 0xff, 0x55,
    0x5, 0xde, 0xff, 0x6b, 0x0, 0x0, 0x0, 0x0,
    0x0, 0xfc, 0xfc, 0x0, 0x0, 0x0, 0x0, 0x0,
    0x6c, 0xff, 0xdd, 0x5, 0x0, 0x56, 0xff, 0xf9,
    0x3d, 0x0, 0x0, 0x0, 0x0, 0x7, 0x7, 0x0,
    0x0, 0x0, 0x0, 0x3e, 0xf9, 0xff, 0x55, 0x0,
    0x0, 0x0, 0x90, 0xff, 0xf9, 0x6a, 0x0, 0x0,
    0x0, 0x0, 0x0, 0x0, 0x0, 0x0, 0x6d, 0xf9,
    0xff, 0x8f, 0x0, 0x0, 0x0, 0x0, 0x3, 0x91,
    0xff, 0xff, 0xc9, 0x61, 0x1e, 0x1, 0x2, 0x1f,
    0x61, 0xcb, 0xff, 0xff, 0x91, 0x3, 0x0, 0x0,
    0x0, 0x0, 0x0, 0x0, 0x57, 0xdf, 0xff, 0xff,
    0xff, 0xfd, 0xfe, 0xff, 0xff, 0xff, 0xde, 0x56,
    0x0, 0x0, 0x0, 0x0, 0x0, 0x0, 0x0, 0x0,
    0x0, 0x6, 0x58, 0xa5, 0xdb, 0xf3, 0xf3, 0xdb,
    0xa5, 0x57, 0x5, 0x0, 0x0, 0x0, 0x0, 0x0,

    /* U+004E "N" */
    0x0, 0x0, 0x0, 0x4, 0x4, 0x4, 0x4, 0x4,
    0x4, 0x4, 0x4, 0x4, 0x4, 0x4, 0x4, 0x0,
    0x0, 0x0, 0x0, 0x0, 0x0, 0xff, 0xff, 0xff,
    0xff, 0xff, 0xff, 0xff, 0xff, 0xff, 0xff, 0xff,
    0xff, 0x0, 0x0, 0x0, 0xff, 0xff, 0xff, 0xff,
    0xff, 0xff, 0xff, 0xff, 0xff, 0xff, 0xff, 0xff,
    0xff, 0xff, 0xff, 0xff, 0xff, 0xff, 0xf8, 0xf8,
    0xf8, 0xff, 0xff, 0xff, 0xff, 0xff, 0xff, 0xff,
    0xff, 0xff, 0xff, 0xff, 0xff, 0xf8, 0xf8, 0xf8,
    0x0, 0x0, 0x0, 0xff, 0xff, 0xff, 0xff, 0xff,
    0xff, 0xff, 0xff, 0xff, 0xff, 0xff, 0xff, 0x0,
    0x0, 0x0, 0x4, 0x4, 0x4, 0xff, 0xff, 0xff,
    0xff, 0xff, 0xff, 0xff, 0xff, 0xff, 0xff, 0xff,
    0xff, 0x4, 0x4, 0x4, 0xff, 0xff, 0xff, 0xff,
    0xff, 0xff, 0xff, 0xff, 0xff, 0xff, 0xff, 0xff,
    0xff, 0xff, 0xff, 0xff, 0xff, 0xff, 0xff, 0xff,
    0xff, 0xff, 0xff, 0xff, 0xff, 0xff, 0xff, 0xff,
    0xff, 0xff, 0xff, 0xff, 0xff, 0xff, 0xff, 0xff,
    0x0, 0x0, 0x0, 0xff, 0xff, 0xff, 0xff, 0xff,
    0xff, 0xff, 0xff, 0xff, 0xff, 0xff, 0xff, 0x0,
    0x0, 0x0, 0x4, 0x4, 0x4, 0xff, 0xff, 0xff,
    0xff, 0xff, 0xff, 0xff, 0xff, 0xff, 0xff, 0xff,
    0xff, 0x4, 0x4, 0x4, 0xff, 0xff, 0xff, 0xff,
    0xff, 0xff, 0xff, 0xff, 0xff, 0xff, 0xff, 0xff,
    0xff, 0xff, 0xff, 0xff, 0xff, 0xff, 0xff, 0xff,
    0xff, 0xff, 0xff, 0xff, 0xff, 0xff, 0xff, 0xff,
    0xff, 0xff, 0xff, 0xff, 0xff, 0xff, 0xff, 0xff,
    0x0, 0x0, 0x0, 0xff, 0xff, 0xff, 0xff, 0xff,
    0x4, 0xfc, 0x0, 0xfc, 0x4, 0xff, 0xff, 0x0,
    0x0, 0x0, 0x0, 0x0, 0x0, 0xff, 0xff, 0xff,
    0xff, 0xff, 0x4, 0xfc, 0x0, 0xfc, 0x4, 0xff,
    0xff, 0x0, 0x0, 0x0, 0xff, 0xff, 0xff, 0xff,
    0xff, 0xff, 0xff, 0xff, 0x7, 0xfc, 0x4, 0xfc,
    0x7, 0xff, 0xff, 0xff, 0xff, 0xff, 0xf8, 0xf8,
    0xf8, 0xff, 0xff, 0xff, 0xff, 0xff, 0xff, 0xff,
    0xff, 0xff, 0xff, 0xff, 0xff, 0xf8, 0xf8, 0xf8,
    0x0, 0x0, 0x0, 0xff, 0xff, 0xff, 0xff, 0xff,
    0xff, 0xff, 0xff, 0xff, 0xff, 0xff, 0xff, 0x0,
    0x0, 0x0,

    /* U+004F "O" */
    0x0, 0x0, 0x0, 0x0, 0x0, 0x0, 0x0, 0x0,
    0x0, 0x0, 0x0, 0x0, 0x0, 0x0, 0x0, 0x0,
    0x0, 0x0, 0x0, 0x0, 0x0, 0x0, 0x0, 0x0,
    0x4, 0x57, 0xca, 0xca, 0x57, 0x3, 0x0, 0x0,
    0x0, 0x0, 0x0, 0x0, 0x0, 0x0, 0x0, 0x0,
    0xe, 0x72, 0xe0, 0xff, 0xff, 0xff, 0xff, 0xe0,
    0x72, 0xe, 0x0, 0x0, 0x0, 0x0, 0x0, 0x0,
    0x1e, 0x8c, 0xf1, 0xff, 0xff, 0xff, 0xff, 0x69,
    0xd8, 0xff, 0xff, 0xf1, 0x8c, 0x1e, 0x0, 0x0,
    0x35, 0xa7, 0xfb, 0xff, 0xff, 0xff, 0xff, 0xff,
    0xff, 0x0, 0x1, 0x4c, 0xbd, 0xff, 0xff, 0xfb,
    0xa7, 0x35, 0xff, 0xff, 0xff, 0xff, 0xff, 0xff,
    0xff, 0xff, 0xff, 0x0, 0x0, 0x0, 0x0, 0x2e,
    0xa0, 0xf9, 0xff, 0xff, 0xff, 0xff, 0xff, 0xff,
    0xff, 0xff, 0xff, 0xff, 0xff, 0x0, 0x0, 0x0,
    0x0, 0x0, 0x0, 0x1a, 0xff, 0xff, 0xff, 0xff,
    0xff, 0xff, 0xff, 0xff, 0xff, 0xff, 0xff, 0x0,
    0x0, 0x0, 0x0, 0x0, 0x0, 0x4, 0xff, 0xff,
    0xff, 0xff, 0xff, 0xff, 0xff, 0xff, 0xff, 0xff,
    0xff, 0x0, 0x0, 0x0, 0x0, 0x0, 0x0, 0x4,
    0xff, 0xff, 0xff, 0xff, 0xff, 0xff, 0xff, 0xff,
    0xff, 0xff, 0xff, 0x0, 0x0, 0x0, 0x0, 0x0,
    0x0, 0x4, 0xff, 0xff, 0xff, 0xff, 0xff, 0xff,
    0xff, 0xff, 0xff, 0xff, 0xff, 0x0, 0x0, 0x0,
    0x0, 0x0, 0x0, 0x4, 0xff, 0xff, 0xf9, 0xff,
    0xff, 0xff, 0xff, 0xff, 0xff, 0xff, 0xff, 0x0,
    0x0, 0x0, 0x0, 0x0, 0x0, 0xd, 0xff, 0xf9,
    0xe6, 0xff, 0xff, 0xff, 0xff, 0xff, 0xff, 0xff,
    0xff, 0x0, 0x0, 0x0, 0x0, 0x0, 0x0, 0x2a,
    0xff, 0xe5, 0xbb, 0xff, 0xff, 0xff, 0xff, 0xff,
    0xff, 0xff, 0xff, 0x0, 0x0, 0x0, 0x0, 0x0,
    0x0, 0x54, 0xff, 0xbb, 0x7b, 0xff, 0xff, 0xff,
    0xff, 0xff, 0xff, 0xff, 0xff, 0x0, 0x0, 0x0,
    0x0, 0x0, 0x0, 0xaa, 0xff, 0x7a, 0x24, 0xfe,
    0xff, 0xff, 0xff, 0xff, 0xff, 0xff, 0xff, 0x0,
    0x0, 0x0, 0x0, 0x0, 0x16, 0xf6, 0xfe, 0x23,
    0x0, 0xae, 0xff, 0xff, 0xff, 0xff, 0xff, 0xff,
    0xff, 0x0, 0x0, 0x0, 0x0, 0x0, 0x9d, 0xff,
    0xae, 0x0, 0x0, 0x21, 0xf7, 0xff, 0xff, 0xff,
    0xff, 0xff, 0xff, 0x0, 0x0, 0x0, 0x0, 0x45,
    0xfe, 0xf6, 0x21, 0x0, 0x0, 0x0, 0x79, 0xff,
    0xff, 0xff, 0xff, 0xff, 0xff, 0x0, 0x0, 0x0,
    0x2f, 0xf2, 0xff, 0x78, 0x0, 0x0, 0x0, 0x0,
    0x0, 0x99, 0xff, 0xff, 0xff, 0xff, 0xff, 0x0,
    0x0, 0x4f, 0xef, 0xff, 0x99, 0x0, 0x0, 0x0,
    0x0, 0x0, 0x0, 0x2, 0xa0, 0xff, 0xff, 0xff,
    0xff, 0x36, 0xa6, 0xff, 0xff, 0xa0, 0x2, 0x0,
    0x0, 0x0, 0x0, 0x0, 0x0, 0x0, 0x0, 0x67,
    0xf0, 0xff, 0xff, 0xff, 0xff, 0xef, 0x66, 0x0,
    0x0, 0x0, 0x0, 0x0, 0x0, 0x0, 0x0, 0x0,
    0x0, 0x0, 0x13, 0x7e, 0xda, 0xda, 0x7e, 0x13,
    0x0, 0x0, 0x0, 0x0, 0x0, 0x0, 0x0, 0x0,
    0x0, 0x0, 0x0, 0x0, 0x0, 0x0, 0x0, 0x0,
    0x0, 0x0, 0x0, 0x0, 0x0, 0x0, 0x0, 0x0,

    /* U+0050 "P" */
    0x0, 0x0, 0x0, 0x0, 0x0, 0x0, 0x0, 0x6e,
    0xf8, 0xf8, 0xf8, 0xf8, 0x6e, 0x0, 0x0, 0x0,
    0x0, 0x0, 0x0, 0x0, 0x0, 0x0, 0x0, 0x0,
    0x0, 0x0, 0x0, 0xa3, 0xff, 0xff, 0xff, 0xff,
    0xa1, 0x0, 0x0, 0x0, 0x0, 0x0, 0x0, 0x0,
    0x0, 0x0, 0x0, 0x0, 0x0, 0x0, 0x0, 0xc7,
    0xff, 0x2d, 0x2e, 0xff, 0xc6, 0x0, 0x0, 0x0,
    0x0, 0x0, 0x0, 0x0, 0x0, 0x1, 0xb9, 0xb5,
    0x50, 0x16, 0x99, 0xfb, 0xfe, 0xa, 0xa, 0xfe,
    0xfb, 0x99, 0x16, 0x50, 0xb5, 0xb9, 0x0, 0x0,
    0x0, 0x5c, 0xff, 0xff, 0xff, 0xfe, 0xff, 0xfb,
    0xaf, 0x0, 0x0, 0xb0, 0xfc, 0xff, 0xfe, 0xff,
    0xff, 0xff, 0x5b, 0x0, 0xb, 0xe5, 0xff, 0x9a,
    0xd5, 0xff, 0xc0, 0x22, 0x0, 0x0, 0x0, 0x0,
    0x22, 0xc1, 0xff, 0xd4, 0x9b, 0xff, 0xe4, 0xb,
    0x81, 0xff, 0xe1, 0x2, 0x0, 0x3e, 0x7, 0x21,
    0xa7, 0xea, 0xea, 0xa7, 0x20, 0x7, 0x3e, 0x0,
    0x2, 0xe1, 0xff, 0x81, 0x62, 0xfb, 0xff, 0xb5,
    0x15, 0x0, 0x21, 0xea, 0xff, 0xff, 0xff, 0xff,
    0xea, 0x21, 0x0, 0x15, 0xb6, 0xff, 0xfb, 0x61,
    0x0, 0x3c, 0xe6, 0xff, 0xae, 0x0, 0xaa, 0xff,
    0xb3, 0x1b, 0x1b, 0xb6, 0xff, 0xa9, 0x0, 0xaf,
    0xff, 0xe6, 0x3c, 0x0, 0x0, 0x0, 0x79, 0xff,
    0x89, 0x0, 0xef, 0xff, 0x18, 0x0, 0x0, 0x19,
    0xff, 0xed, 0x0, 0x8a, 0xff, 0x79, 0x0, 0x0,
    0x0, 0x0, 0x7a, 0xff, 0x88, 0x0, 0xf0, 0xff,
    0x15, 0x0, 0x0, 0x16, 0xff, 0xef, 0x0, 0x88,
    0xff, 0x7a, 0x0, 0x0, 0x0, 0x36, 0xe2, 0xff,
    0xaf, 0x0, 0xae, 0xff, 0xab, 0x13, 0x13, 0xad,
    0xff, 0xad, 0x0, 0xb1, 0xff, 0xe1, 0x36, 0x0,
    0x5b, 0xf9, 0xff, 0xc3, 0x1b, 0x0, 0x25, 0xed,
    0xff, 0xff, 0xff, 0xff, 0xed, 0x25, 0x0, 0x20,
    0xc7, 0xff, 0xf9, 0x5b, 0x86, 0xff, 0xe1, 0x4,
    0x0, 0x34, 0x8, 0x26, 0xb0, 0xf3, 0xf3, 0xb0,
    0x25, 0x8, 0x34, 0x0, 0x5, 0xe1, 0xff, 0x85,
    0xd, 0xe7, 0xff, 0x91, 0xca, 0xff, 0xc1, 0x1f,
    0x0, 0x0, 0x0, 0x0, 0x1f, 0xc1, 0xff, 0xca,
    0x91, 0xff, 0xe7, 0xd, 0x0, 0x60, 0xff, 0xff,
    0xff, 0xff, 0xff, 0xfa, 0xa7, 0x0, 0x0, 0xa8,
    0xfa, 0xff, 0xff, 0xff, 0xff, 0xff, 0x5f, 0x0,
    0x0, 0x1, 0xc3, 0xbe, 0x59, 0x1d, 0xa2, 0xfd,
    0xfe, 0x9, 0x9, 0xfe, 0xfd, 0xa2, 0x1d, 0x59,
    0xbe, 0xc3, 0x1, 0x0, 0x0, 0x0, 0x0, 0x0,
    0x0, 0x0, 0x0, 0xc8, 0xff, 0x2c, 0x2d, 0xff,
    0xc7, 0x0, 0x0, 0x0, 0x0, 0x0, 0x0, 0x0,
    0x0, 0x0, 0x0, 0x0, 0x0, 0x0, 0x0, 0xa4,
    0xff, 0xf9, 0xf9, 0xff, 0xa3, 0x0, 0x0, 0x0,
    0x0, 0x0, 0x0, 0x0, 0x0, 0x0, 0x0, 0x0,
    0x0, 0x0, 0x0, 0x74, 0xff, 0xff, 0xff, 0xff,
    0x73, 0x0, 0x0, 0x0, 0x0, 0x0, 0x0, 0x0,

    /* U+0051 "Q" */
    0x0, 0x0, 0x0, 0x0, 0x0, 0x4, 0x4, 0x4,
    0x4, 0x4, 0x4, 0x4, 0x4, 0x4, 0x4, 0x0,
    0x0, 0x0, 0x0, 0x0, 0x0, 0x0, 0x0, 0x49,
    0xe7, 0xff, 0xff, 0xff, 0xff, 0xff, 0xff, 0xff,
    0xff, 0xff, 0xff, 0xe7, 0x47, 0x0, 0x0, 0x0,
    0x0, 0x0, 0x0, 0xe1, 0xff, 0xff, 0xff, 0xff,
    0xff, 0xff, 0xff, 0xff, 0xff, 0xff, 0xff, 0xff,
    0xe0, 0x0, 0x0, 0x0, 0x0, 0x0, 0x0, 0xfc,
    0xfc, 0x0, 0x0, 0xff, 0xff, 0x4, 0x0, 0x0,
    0x0, 0x1b, 0xb5, 0xff, 0xfc, 0x0, 0x0, 0x0,
    0x0, 0x0, 0x0, 0xfc, 0xfc, 0x0, 0x0, 0xff,
    0xff, 0x4, 0x0, 0x4, 0x4, 0x0, 0x17, 0xff,
    0xfc, 0x0, 0x0, 0x0, 0x0, 0x0, 0x0, 0xfc,
    0xfc, 0x0, 0x0, 0xff, 0xff, 0x4, 0x4, 0xff,
    0xff, 0x0, 0x0, 0xfc, 0xfc, 0x0, 0x0, 0x0,
    0x0, 0x0, 0x0, 0xfc, 0xfc, 0x0, 0x0, 0xff,
    0xff, 0x4, 0x4, 0xff, 0xff, 0x0, 0x0, 0xfc,
    0xfc, 0x0, 0x0, 0x0, 0x0, 0x0, 0x0, 0xfc,
    0xfc, 0x0, 0x0, 0xff, 0xff, 0x4, 0x0, 0x0,
    0x0, 0x0, 0x18, 0xff, 0xfc, 0x0, 0x0, 0x0,
    0x0, 0x0, 0x0, 0xfc, 0xfc, 0x0, 0x0, 0xff,
    0xff, 0x4, 0x0, 0x0, 0x0, 0x1a, 0xb3, 0xff,
    0xfc, 0x0, 0x0, 0x0, 0x0, 0x0, 0x0, 0xfc,
    0xfc, 0x0, 0x0, 0xff, 0xff, 0x4, 0x4, 0xff,
    0xff, 0xff, 0xff, 0xff, 0xfc, 0x0, 0x0, 0x0,
    0x0, 0x0, 0x0, 0xfc, 0xfc, 0x0, 0x0, 0xff,
    0xff, 0x4, 0x4, 0xff, 0xff, 0xff, 0xff, 0xff,
    0xfc, 0x0, 0x0, 0x0, 0x0, 0x0, 0x0, 0xfc,
    0xfc, 0x0, 0x0, 0xff, 0xff, 0x4, 0x4, 0xff,
    0xff, 0xff, 0xff, 0xff, 0xfc, 0x0, 0x0, 0x0,
    0x0, 0x0, 0x0, 0xfc, 0xfc, 0x4, 0x4, 0xff,
    0xff, 0x7, 0x7, 0xff, 0xff, 0xff, 0xff, 0xff,
    0xfb, 0x0, 0x0, 0x0, 0x0, 0x0, 0x0, 0xe0,
    0xff, 0xff, 0xff, 0xff, 0xff, 0xff, 0xff, 0xff,
    0xff, 0xff, 0xff, 0xff, 0xdf, 0x0, 0x0, 0x0,
    0x0, 0x0, 0x0, 0x49, 0xe4, 0xff, 0xff, 0xff,
    0xff, 0xff, 0xff, 0xff, 0xff, 0xff, 0xff, 0xe4,
    0x47, 0x0, 0x0, 0x0, 0x0, 0x0, 0x0, 0x0,
    0x0, 0x0, 0x0, 0x0, 0x0, 0xfc, 0xfc, 0x0,
    0x0, 0x0, 0x0, 0x0, 0x0, 0x0, 0x0, 0x0,
    0x0, 0x0, 0x0, 0x0, 0x0, 0x0, 0x0, 0x0,
    0x8, 0xfc, 0xfc, 0x8, 0x0, 0x0, 0x0, 0x0,
    0x0, 0x0, 0x0, 0x0, 0x0, 0x0, 0x0, 0x0,
    0x0, 0x0, 0x0, 0xca, 0xff, 0xff, 0xff, 0xff,
    0xca, 0x0, 0x0, 0x0, 0x0, 0x0, 0x0, 0x0,
    0xfc, 0xff, 0xff, 0xff, 0xff, 0xff, 0xff, 0xff,
    0xff, 0xff, 0xff, 0xff, 0xff, 0xff, 0xff, 0xff,
    0xff, 0xff, 0xff, 0xfc, 0xf4, 0xf8, 0xf8, 0xf8,
    0xf8, 0xf8, 0xf8, 0xff, 0xff, 0xff, 0xff, 0xff,
    0xff, 0xf8, 0xf8, 0xf8, 0xf8, 0xf8, 0xf8, 0xf4,
    0x0, 0x0, 0x0, 0x0, 0x0, 0x0, 0x0, 0xc5,
    0xff, 0xff, 0xff, 0xff, 0xc4, 0x0, 0x0, 0x0,
    0x0, 0x0, 0x0, 0x0,

    /* U+0052 "R" */
    0x0, 0x0, 0x0, 0x0, 0x0, 0x0, 0x0, 0x0,
    0x69, 0xdc, 0xf9, 0xe6, 0xa6, 0x26, 0x0, 0x0,
    0x0, 0x0, 0x0, 0x0, 0x0, 0x0, 0x0, 0x0,
    0x0, 0x0, 0x0, 0x0, 0x0, 0x0, 0x0, 0x4f,
    0xff, 0xff, 0xff, 0xff, 0xff, 0xe9, 0xb, 0x0,
    0x0, 0x0, 0x0, 0x0, 0x0, 0x0, 0x0, 0x0,
    0x0, 0x0, 0x0, 0x0, 0x0, 0x0, 0x0, 0xc0,
    0xff, 0xff, 0xff, 0xff, 0xff, 0xff, 0x33, 0x0,
    0x0, 0x0, 0x0, 0x0, 0x0, 0x0, 0x0, 0x0,
    0x0, 0x0, 0x0, 0x0, 0x0, 0x0, 0x0, 0xe5,
    0xff, 0xff, 0xff, 0xff, 0xff, 0xe9, 0x8, 0x0,
    0x0, 0x0, 0x0, 0x0, 0x0, 0x0, 0x0, 0x0,
    0x0, 0x0, 0x0, 0x0, 0x0, 0x0, 0x0, 0xe0,
    0xff, 0xff, 0xff, 0xff, 0xde, 0x36, 0x0, 0x0,
    0x0, 0x0, 0x0, 0x0, 0x0, 0x0, 0x0, 0x0,
    0x0, 0xd, 0x39, 0xc, 0x0, 0x0, 0x0, 0xb4,
    0xff, 0xff, 0xff, 0xd4, 0xe, 0x0, 0x0, 0x0,
    0x0, 0x0, 0x0, 0x0, 0x0, 0x4, 0xff, 0xff,
    0x29, 0xeb, 0xff, 0xeb, 0x35, 0x0, 0x0, 0x60,
    0xff, 0xff, 0xff, 0x54, 0x0, 0x0, 0x0, 0x0,
    0x0, 0x0, 0x0, 0x0, 0x0, 0x4, 0xff, 0xff,
    0xaa, 0xff, 0xff, 0xff, 0xda, 0xc, 0x0, 0xf,
    0xfa, 0xff, 0xff, 0x92, 0x11, 0x6b, 0xb9, 0xdf,
    0xd4, 0xa8, 0x36, 0x0, 0x0, 0x4, 0xff, 0xff,
    0xe8, 0xff, 0xff, 0xff, 0xff, 0xd5, 0x5a, 0x9c,
    0xff, 0xff, 0xff, 0xff, 0xfb, 0xff, 0xff, 0xff,
    0xff, 0xff, 0xfe, 0x59, 0x0, 0x4, 0xff, 0xff,
    0xfa, 0xff, 0xff, 0xff, 0xff, 0xff, 0xff, 0xff,
    0xff, 0x39, 0x3a, 0xff, 0xff, 0xff, 0xff, 0xff,
    0xff, 0xff, 0xff, 0xdb, 0x0, 0x4, 0xff, 0xff,
    0xda, 0xff, 0xff, 0xff, 0xff, 0xff, 0xff, 0xff,
    0xff, 0x38, 0x39, 0xff, 0xff, 0xff, 0xff, 0xff,
    0xff, 0xff, 0xff, 0xfc, 0x0, 0x4, 0xff, 0xff,
    0x61, 0xff, 0xff, 0xff, 0xff, 0xff, 0xff, 0xfb,
    0xff, 0xff, 0xff, 0xff, 0x93, 0x5e, 0xd7, 0xff,
    0xff, 0xff, 0xff, 0xe9, 0x0, 0x0, 0x0, 0x0,
    0x0, 0x44, 0xb7, 0xe2, 0xea, 0xc1, 0x6f, 0x13,
    0x9f, 0xff, 0xff, 0xf7, 0x9, 0x0, 0xd, 0xd9,
    0xff, 0xff, 0xff, 0xa6, 0x0, 0x0, 0x0, 0x0,
    0x0, 0x0, 0x0, 0x0, 0x0, 0x0, 0x0, 0x0,
    0x5a, 0xff, 0xff, 0xff, 0x56, 0x0, 0x0, 0x34,
    0xec, 0xff, 0xea, 0x26, 0x0, 0x4, 0xff, 0xff,
    0x0, 0x0, 0x0, 0x0, 0x0, 0x0, 0x0, 0xd,
    0xd5, 0xff, 0xff, 0xff, 0xa9, 0x0, 0x0, 0x0,
    0xd, 0x3a, 0xd, 0x0, 0x0, 0x4, 0xff, 0xff,
    0x0, 0x0, 0x0, 0x0, 0x0, 0x0, 0x38, 0xdd,
    0xff, 0xff, 0xff, 0xff, 0xd4, 0x0, 0x0, 0x0,
    0x0, 0x0, 0x0, 0x0, 0x0, 0x0, 0x4, 0x4,
    0x0, 0x0, 0x0, 0x0, 0x0, 0xe, 0xed, 0xff,
    0xff, 0xff, 0xff, 0xff, 0xda, 0x0, 0x0, 0x0,
    0x0, 0x0, 0x0, 0x0, 0x0, 0x0, 0x0, 0x0,
    0x0, 0x0, 0x0, 0x0, 0x0, 0x3a, 0xff, 0xff,
    0xff, 0xff, 0xff, 0xff, 0xb7, 0x0, 0x0, 0x0,
    0x0, 0x0, 0x0, 0x0, 0x0, 0x0, 0x0, 0x0,
    0x0, 0x0, 0x0, 0x0, 0x0, 0xd, 0xe9, 0xff,
    0xff, 0xff, 0xff, 0xff, 0x47, 0x0, 0x0, 0x0,
    0x0, 0x0, 0x0, 0x0, 0x0, 0x0, 0x0, 0x0,
    0x0, 0x0, 0x0, 0x0, 0x0, 0x0, 0x25, 0xa5,
    0xe6, 0xfa, 0xdc, 0x64, 0x0, 0x0, 0x0, 0x0,
    0x0, 0x0, 0x0, 0x0, 0x0, 0x0, 0x0, 0x0,

    /* U+0053 "S" */
    0x0, 0x0, 0x0, 0x0, 0x0, 0x0, 0x0, 0x0,
    0x0, 0x0, 0x0, 0x0, 0x0, 0x0, 0x0, 0x0,
    0x0, 0x0, 0x0, 0x0, 0x0, 0x0, 0x31, 0xb6,
    0xf5, 0xf3, 0xab, 0x28, 0x0, 0x0, 0x0, 0x0,
    0x0, 0x0, 0x0, 0x0, 0x0, 0x0, 0x0, 0x0,
    0x0, 0x4f, 0xf9, 0xff, 0xff, 0xff, 0xff, 0xf5,
    0x52, 0x0, 0x0, 0x0, 0x0, 0x0, 0x0, 0x0,
    0x0, 0x0, 0x0, 0x0, 0x2b, 0xf5, 0xff, 0x95,
    0x18, 0x17, 0x86, 0xfe, 0xfb, 0x4a, 0x0, 0x0,
    0x0, 0x0, 0x0, 0x0, 0x0, 0x0, 0x0, 0x0,
    0xba, 0xff, 0xa2, 0x0, 0x0, 0x0, 0x0, 0x6d,
    0xff, 0xf0, 0x23, 0x0, 0x0, 0x0, 0x0, 0x0,
    0x0, 0x0, 0x0, 0x0, 0xfb, 0xff, 0xff, 0xff,
    0xff, 0xff, 0xff, 0xff, 0xff, 0xff, 0xff, 0xff,
    0xff, 0xff, 0xff, 0xff, 0xff, 0xff, 0xff, 0xfb,
    0xf4, 0xf7, 0xf7, 0xf7, 0xf7, 0xf7, 0xf7, 0xf7,
    0xf7, 0xfb, 0xff, 0xff, 0xf8, 0xf7, 0xf7, 0xf7,
    0xf7, 0xfa, 0xff, 0xfb, 0x0, 0x0, 0x0, 0x0,
    0x0, 0x0, 0x0, 0x0, 0x0, 0x20, 0xee, 0xff,
    0x72, 0x0, 0x0, 0x0, 0x0, 0xa6, 0xff, 0xb5,
    0x0, 0x0, 0x0, 0x0, 0x0, 0x0, 0x0, 0x0,
    0x0, 0x0, 0x46, 0xfa, 0xfe, 0x8a, 0x1b, 0x1c,
    0x99, 0xff, 0xf3, 0x28, 0x0, 0x0, 0x0, 0x0,
    0x0, 0x0, 0x0, 0x0, 0x0, 0x0, 0x0, 0x4f,
    0xf5, 0xff, 0xff, 0xff, 0xff, 0xf8, 0x4c, 0x0,
    0x0, 0x0, 0x0, 0x0, 0x0, 0x0, 0x0, 0x0,
    0x0, 0x0, 0x0, 0x0, 0x26, 0xa8, 0xf0, 0xf1,
    0xb2, 0x2f, 0x0, 0x0,

    /* U+0054 "T" */
    0x0, 0x0, 0x0, 0x0, 0x0, 0x0, 0x0, 0x0,
    0x0, 0x0, 0x4c, 0xe4, 0xe4, 0x4a, 0x0, 0x0,
    0x0, 0x0, 0x0, 0x0, 0x0, 0x0, 0x0, 0x0,
    0x0, 0x0, 0x0, 0x0, 0x0, 0x0, 0x0, 0x0,
    0x0, 0x0, 0xe8, 0xff, 0xff, 0xe7, 0x0, 0x0,
    0x0, 0x0, 0x0, 0x0, 0x0, 0x0, 0x0, 0x0,
    0x0, 0x0, 0x0, 0x0, 0x0, 0x0, 0x0, 0x0,
    0x0, 0x0, 0xea, 0xff, 0xff, 0xe9, 0x0, 0x0,
    0x0, 0x0, 0x0, 0x0, 0x0, 0x0, 0x0, 0x0,
    0x0, 0x0, 0x0, 0x0, 0x0, 0x0, 0x0, 0x0,
    0x0, 0x0, 0x43, 0xfe, 0xfe, 0x43, 0x0, 0x0,
    0x0, 0x0, 0x0, 0x0, 0x0, 0x0, 0x0, 0x0,
    0x0, 0x0, 0x0, 0x0, 0x0, 0x0, 0x0, 0x0,
    0x0, 0x0, 0x0, 0xfb, 0xfb, 0x0, 0x0, 0x0,
    0x0, 0x0, 0x0, 0x0, 0x0, 0x0, 0x0, 0x0,
    0x0, 0x0, 0x0, 0x0, 0x0, 0x0, 0x16, 0x7b,
    0xcd, 0xef, 0xff, 0xff, 0xff, 0xff, 0xef, 0xcd,
    0x7a, 0x15, 0x0, 0x0, 0x0, 0x0, 0x0, 0x0,
    0x0, 0x0, 0x0, 0x0, 0x0, 0x4f, 0xef, 0xff,
    0xff, 0xff, 0xff, 0xff, 0xff, 0xff, 0xff, 0xff,
    0xff, 0xee, 0x4d, 0x0, 0x0, 0x0, 0x0, 0x0,
    0x0, 0x0, 0x0, 0x0, 0x4e, 0xfe, 0xff, 0xb9,
    0x47, 0x14, 0x3, 0x3, 0x3, 0x3, 0x14, 0x48,
    0xbb, 0xff, 0xfe, 0x4d, 0x0, 0x0, 0x0, 0x0,
    0x0, 0x0, 0x0, 0x16, 0xef, 0xff, 0x82, 0x0,
    0x0, 0x0, 0x0, 0x0, 0x0, 0x0, 0x0, 0x0,
    0x1, 0x83, 0xff, 0xee, 0x15, 0x0, 0x0, 0x0,
    0x0, 0x0, 0x0, 0x7b, 0xff, 0xba, 0x0, 0x0,
    0x0, 0x0, 0x0, 0x0, 0x0, 0x0, 0x0, 0x0,
    0x0, 0x0, 0xba, 0xff, 0x79, 0x0, 0x0, 0x0,
    0x0, 0x0, 0x0, 0xcd, 0xff, 0x48, 0x0, 0x0,
    0x0, 0x0, 0x0, 0x0, 0x0, 0x0, 0x0, 0x0,
    0x0, 0x0, 0x48, 0xff, 0xcc, 0x0, 0x0, 0x0,
    0x0, 0x0, 0x0, 0xee, 0xff, 0x14, 0x0, 0x0,
    0x3c, 0x0, 0x0, 0x0, 0x0, 0x0, 0x0, 0x3c,
    0x0, 0x0, 0x15, 0xff, 0xed, 0x0, 0x0, 0x0,
    0x0, 0xc0, 0xf7, 0xff, 0xff, 0x4, 0x0, 0x7f,
    0xff, 0x7c, 0x0, 0x0, 0x0, 0x0, 0x7d, 0xff,
    0x80, 0x0, 0x4, 0xff, 0xff, 0xf7, 0xbf, 0x0,
    0x3, 0xff, 0xff, 0xff, 0xff, 0x3, 0x7a, 0xff,
    0xfb, 0xff, 0x7c, 0x0, 0x0, 0x7c, 0xff, 0xfb,
    0xff, 0x7b, 0x3, 0xff, 0xff, 0xff, 0xff, 0x3,
    0x3, 0xff, 0xff, 0x0, 0x0, 0x0, 0x46, 0xc6,
    0x22, 0xc8, 0x48, 0x0, 0x0, 0x49, 0xc7, 0x22,
    0xc6, 0x45, 0x0, 0x0, 0x0, 0xff, 0xff, 0x3,
    0x3, 0xff, 0xff, 0xf7, 0xf7, 0x3, 0x0, 0x1,
    0x0, 0x1, 0x0, 0x0, 0x0, 0x0, 0x1, 0x0,
    0x1, 0x0, 0x3, 0xf7, 0xf7, 0xff, 0xff, 0x3,
    0x0, 0xc8, 0xff, 0xff, 0xff, 0x3, 0x0, 0x0,
    0x0, 0x0, 0x0, 0x0, 0x0, 0x0, 0x0, 0x0,
    0x0, 0x0, 0x3, 0xff, 0xff, 0xff, 0xc7, 0x0,
    0x0, 0x0, 0x0, 0xff, 0xff, 0x3, 0x0, 0x0,
    0x0, 0x0, 0x0, 0x0, 0x0, 0x0, 0x0, 0x0,
    0x0, 0x0, 0x3, 0xff, 0xff, 0x0, 0x0, 0x0,
    0x0, 0x0, 0x0, 0xe5, 0xff, 0xf8, 0xf7, 0xf7,
    0xf7, 0xf7, 0xf7, 0xf7, 0xf7, 0xf7, 0xf7, 0xf7,
    0xf7, 0xf7, 0xf8, 0xff, 0xe4, 0x0, 0x0, 0x0,
    0x0, 0x0, 0x0, 0x4c, 0xe4, 0xff, 0xff, 0xff,
    0xff, 0xff, 0xff, 0xff, 0xff, 0xff, 0xff, 0xff,
    0xff, 0xff, 0xff, 0xe4, 0x49, 0x0, 0x0, 0x0,

    /* U+0055 "U" */
    0x0, 0x0, 0x0, 0x0, 0x0, 0x0, 0x0, 0x0,
    0x67, 0xdc, 0xf9, 0xe6, 0xa7, 0x27, 0x0, 0x0,
    0x0, 0x0, 0x0, 0x0, 0x0, 0x0, 0x0, 0x0,
    0x0, 0x0, 0x0, 0x4b, 0xff, 0xff, 0xff, 0xff,
    0xff, 0xe8, 0xb, 0x0, 0x0, 0x0, 0x0, 0x0,
    0x0, 0x0, 0x0, 0x0, 0x0, 0x0, 0x0, 0xbc,
    0xff, 0xff, 0xff, 0xff, 0xff, 0xff, 0x35, 0x0,
    0x0, 0x0, 0x0, 0x0, 0x0, 0x0, 0x0, 0x0,
    0x0, 0x0, 0x0, 0xe1, 0xff, 0xff, 0xff, 0xff,
    0xff, 0xeb, 0xa, 0x0, 0x0, 0x0, 0x0, 0x0,
    0x0, 0x0, 0x0, 0x0, 0x0, 0x0, 0x0, 0xdc,
    0xff, 0xff, 0xff, 0xff, 0xdb, 0x36, 0x0, 0x0,
    0x0, 0x0, 0x0, 0x0, 0x0, 0xd, 0x39, 0xc,
    0x0, 0x0, 0x0, 0xb0, 0xff, 0xff, 0xff, 0xd4,
    0xd, 0x0, 0x0, 0x0, 0x0, 0x0, 0x0, 0x0,
    0x26, 0xe9, 0xff, 0xea, 0x34, 0x0, 0x0, 0x5b,
    0xff, 0xff, 0xff, 0x58, 0x0, 0x0, 0x0, 0x0,
    0x0, 0x0, 0x0, 0x0, 0xa6, 0xff, 0xff, 0xff,
    0xdc, 0xd, 0x0, 0xd, 0xf9, 0xff, 0xff, 0x92,
    0xe, 0x65, 0xb4, 0xdb, 0xd0, 0xa5, 0x33, 0x0,
    0xe4, 0xff, 0xff, 0xff, 0xff, 0xd5, 0x59, 0x9d,
    0xff, 0xff, 0xff, 0xff, 0xf9, 0xff, 0xff, 0xff,
    0xff, 0xff, 0xfd, 0x53, 0xf6, 0xff, 0xff, 0xff,
    0xff, 0xff, 0xff, 0xff, 0xff, 0x3d, 0x3d, 0xff,
    0xff, 0xff, 0xff, 0xff, 0xff, 0xff, 0xff, 0xd3,
    0xd6, 0xff, 0xff, 0xff, 0xff, 0xff, 0xff, 0xff,
    0xff, 0x3c, 0x3c, 0xff, 0xff, 0xff, 0xff, 0xff,
    0xff, 0xff, 0xff, 0xf6, 0x5d, 0xff, 0xff, 0xff,
    0xff, 0xff, 0xff, 0xfb, 0xff, 0xff, 0xff, 0xff,
    0x96, 0x5b, 0x94, 0x3d, 0x11, 0xf, 0x38, 0x87,
    0x0, 0x42, 0xb6, 0xe2, 0xea, 0xc0, 0x6e, 0x13,
    0x9c, 0xff, 0xff, 0xf9, 0xf, 0x0, 0x0, 0x0,
    0x0, 0x0, 0x0, 0x0, 0x0, 0x0, 0x0, 0x0,
    0x0, 0x0, 0x0, 0x0, 0x56, 0xff, 0xff, 0xf9,
    0x21, 0x0, 0x4c, 0xe4, 0xff, 0xff, 0xe3, 0x44,
    0x0, 0x0, 0x0, 0x0, 0x0, 0x0, 0x0, 0xc,
    0xd3, 0xff, 0xff, 0x8d, 0x0, 0x0, 0xe7, 0xff,
    0xff, 0xff, 0xff, 0xde, 0x0, 0x0, 0x0, 0x0,
    0x0, 0x0, 0x36, 0xdb, 0xff, 0xff, 0xff, 0x31,
    0x0, 0x3, 0xff, 0xff, 0x3, 0x3, 0xfc, 0xfb,
    0x0, 0x0, 0x0, 0x0, 0x0, 0xc, 0xeb, 0xff,
    0xff, 0xff, 0xff, 0x6, 0x0, 0x3, 0xff, 0xff,
    0x0, 0x0, 0xfb, 0xfb, 0x0, 0x0, 0x0, 0x0,
    0x0, 0x36, 0xff, 0xff, 0xff, 0xff, 0xff, 0x9,
    0x0, 0x3, 0xff, 0xff, 0xff, 0xff, 0xff, 0xfb,
    0x0, 0x0, 0x0, 0x0, 0x0, 0xc, 0xe9, 0xff,
    0xff, 0xff, 0xff, 0x34, 0x0, 0x3, 0xff, 0xff,
    0xff, 0xff, 0xff, 0xfb, 0x0, 0x0, 0x0, 0x0,
    0x0, 0x0, 0x27, 0xa8, 0xe7, 0xf8, 0xd8, 0x3f,
    0x0, 0x3, 0xff, 0xff, 0x3, 0x3, 0xfc, 0xfb,
    0x0, 0x0, 0x0, 0x0, 0x0, 0x0, 0x0, 0x0,
    0x0, 0x0, 0x0, 0x0, 0x0, 0x3, 0xff, 0xff,
    0x0, 0x0, 0xfb, 0xfb,

    /* U+0056 "V" */
    0x0, 0x0, 0x0, 0x0, 0x0, 0x0, 0x0, 0x0,
    0x0, 0x0, 0x0, 0x0, 0x0, 0x0, 0x0, 0x0,
    0x2b, 0x74, 0x49, 0x0, 0x0, 0x0, 0x0, 0x0,
    0x0, 0x0, 0x0, 0x0, 0x0, 0x0, 0x0, 0x0,
    0x0, 0x0, 0x0, 0x0, 0x0, 0x0, 0x5b, 0xfa,
    0xff, 0xff, 0x70, 0x0, 0x0, 0x0, 0x0, 0x0,
    0x0, 0x4, 0xff, 0xff, 0xff, 0xff, 0xff, 0xfc,
    0x0, 0x0, 0x0, 0x0, 0x6b, 0xfe, 0xff, 0xb3,
    0xff, 0xd5, 0x0, 0x0, 0x0, 0x0, 0x0, 0x0,
    0x4, 0xff, 0xff, 0xff, 0xff, 0xff, 0xfc, 0x0,
    0x0, 0x0, 0x7b, 0xff, 0xfe, 0x6f, 0x83, 0xff,
    0xb9, 0x0, 0x0, 0x0, 0x0, 0x0, 0x0, 0x0,
    0x0, 0x0, 0x0, 0x0, 0x0, 0x0, 0x0, 0x0,
    0x7b, 0xff, 0xfc, 0x61, 0x23, 0xf8, 0xfe, 0x3b,
    0x0, 0x0, 0x0, 0x0, 0x8, 0x8, 0x8, 0x8,
    0x8, 0x0, 0x0, 0x0, 0x0, 0x0, 0x0, 0xf1,
    0xff, 0x56, 0x0, 0xb5, 0xff, 0x9f, 0x0, 0x0,
    0x0, 0x0, 0x4, 0xff, 0xff, 0xff, 0xff, 0xff,
    0x0, 0x0, 0x0, 0x0, 0x0, 0x0, 0xff, 0xff,
    0x3, 0x4e, 0xff, 0xef, 0x16, 0x0, 0x0, 0x0,
    0x0, 0x3, 0xfc, 0xfc, 0xfc, 0xfc, 0xfc, 0x0,
    0x0, 0x0, 0x0, 0x0, 0x0, 0xff, 0xff, 0xc,
    0xde, 0xff, 0x6b, 0x0, 0x0, 0x0, 0x0, 0x0,
    0x0, 0x0, 0x0, 0x0, 0x0, 0x0, 0x0, 0x0,
    0x0, 0x0, 0x0, 0x0, 0xff, 0xff, 0x84, 0xff,
    0xcf, 0x3, 0x0, 0x0, 0x0, 0x0, 0x0, 0x0,
    0x0, 0x0, 0x0, 0x0, 0x0, 0x0, 0x0, 0x0,
    0x0, 0x5, 0x8d, 0xff, 0xff, 0xfb, 0xfe, 0x39,
    0x0, 0x0, 0x0, 0x0, 0x0, 0x0, 0x0, 0x34,
    0xd2, 0xfe, 0xff, 0xff, 0xff, 0xff, 0xff, 0xff,
    0xff, 0xff, 0xff, 0xff, 0xff, 0xbc, 0x0, 0x0,
    0x0, 0x0, 0x0, 0x0, 0x0, 0x0, 0xd6, 0xff,
    0xf9, 0xf7, 0xf7, 0xf7, 0xf7, 0xf7, 0xf8, 0xff,
    0xff, 0x3b, 0x39, 0xff, 0xeb, 0x7, 0x0, 0x0,
    0x0, 0x0, 0x0, 0x0, 0x0, 0xf6, 0xff, 0x6a,
    0x17, 0x0, 0x0, 0x0, 0x0, 0x3e, 0xfe, 0xff,
    0x3c, 0x3b, 0xff, 0xff, 0xf7, 0xc0, 0x7e, 0x16,
    0x0, 0x0, 0x0, 0x0, 0x99, 0xff, 0xff, 0xfe,
    0xcc, 0x82, 0x41, 0x9f, 0xff, 0xff, 0xff, 0xff,
    0xff, 0xff, 0xe7, 0xfe, 0xff, 0xff, 0xdb, 0xa,
    0x0, 0x0, 0x0, 0x3, 0x5f, 0xb2, 0xf5, 0xff,
    0xff, 0xff, 0xff, 0xf4, 0x7a, 0x79, 0xff, 0xff,
    0xff, 0xa3, 0x16, 0x53, 0xd4, 0xff, 0x7e, 0x0,
    0x0, 0x0, 0x0, 0x0, 0x0, 0x7, 0x47, 0x92,
    0xc8, 0x9c, 0x1c, 0x0, 0x0, 0xff, 0xff, 0xf6,
    0xff, 0xa1, 0x2, 0x40, 0xff, 0xf4, 0x18, 0x0,
    0x0, 0x0, 0x0, 0x0, 0x0, 0x0, 0x0, 0x0,
    0x0, 0x0, 0x0, 0x0, 0xff, 0xff, 0x43, 0xf5,
    0xff, 0x9f, 0x2, 0xaf, 0xff, 0x9b, 0x0, 0x0,
    0x0, 0x0, 0x8, 0x8, 0x8, 0x8, 0x8, 0x0,
    0x0, 0x0, 0x0, 0xff, 0xff, 0x3, 0x3f, 0xf5,
    0xff, 0x9d, 0x27, 0xfa, 0xfd, 0x29, 0x0, 0x0,
    0x0, 0xff, 0xff, 0xff, 0xff, 0xff, 0x4, 0x0,
    0x0, 0x0, 0xff, 0xff, 0x3, 0x0, 0x3f, 0xf5,
    0xff, 0x9b, 0xa5, 0xff, 0x74, 0x0, 0x0, 0x0,
    0xfc, 0xfc, 0xfc, 0xfc, 0xfc, 0x3, 0x0, 0x0,
    0x0, 0xff, 0xff, 0x4, 0x0, 0x0, 0x3f, 0xf5,
    0xff, 0xff, 0xff, 0x4c, 0x0, 0x0, 0x0, 0x0,
    0x0, 0x0, 0x0, 0x0, 0x0, 0x0, 0x4f, 0xe8,
    0xff, 0xff, 0xe7, 0x47, 0x0, 0x0, 0x39, 0xce,
    0xe8, 0x87, 0x0, 0x0, 0x0, 0x0, 0x0, 0x0,
    0x0, 0x0, 0x0, 0x0, 0x0, 0xe8, 0xff, 0xff,
    0xff, 0xff, 0xe0, 0x0, 0x0, 0x0, 0x0, 0x0,
    0x0, 0x0,

    /* U+0057 "W" */
    0x0, 0x0, 0x0, 0x0, 0x0, 0x0, 0x0, 0x0,
    0x1, 0x8c, 0x8c, 0x1, 0x0, 0x0, 0x0, 0x0,
    0x0, 0x0, 0x0, 0x0, 0x0, 0x0, 0x0, 0x0,
    0x0, 0x0, 0x0, 0x5, 0xa4, 0xff, 0xff, 0xa3,
    0x5, 0x0, 0x0, 0x0, 0x0, 0x0, 0x0, 0x0,
    0x0, 0x0, 0x0, 0x0, 0x0, 0x0, 0xc, 0xb9,
    0xff, 0xff, 0xff, 0xff, 0xb8, 0xc, 0x0, 0x0,
    0x0, 0x0, 0x0, 0x0, 0x0, 0x0, 0x0, 0x0,
    0x0, 0x16, 0xcb, 0xff, 0xff, 0xff, 0xff, 0xff,
    0xff, 0xcb, 0x15, 0x0, 0x0, 0x0, 0x0, 0x0,
    0x0, 0x0, 0x0, 0x0, 0x22, 0xdb, 0xff, 0xff,
    0xff, 0xff, 0xff, 0xff, 0xff, 0xff, 0xdb, 0x22,
    0x0, 0x0, 0x0, 0x0, 0x0, 0x0, 0x0, 0x31,
    0xe8, 0xff, 0xff, 0xff, 0xff, 0xff, 0xff, 0xff,
    0xff, 0xff, 0xff, 0xe8, 0x31, 0x0, 0x0, 0x0,
    0x0, 0x0, 0x43, 0xf2, 0xff, 0xff, 0xff, 0xff,
    0xff, 0xff, 0xff, 0xff, 0xff, 0xff, 0xff, 0xff,
    0xf2, 0x43, 0x0, 0x0, 0x0, 0x58, 0xf9, 0xff,
    0xff, 0xff, 0xff, 0xff, 0xff, 0xff, 0xff, 0xff,
    0xff, 0xff, 0xff, 0xff, 0xff, 0xf9, 0x57, 0x0,
    0x6f, 0xfe, 0xff, 0xff, 0xff, 0xff, 0xff, 0xff,
    0xff, 0xff, 0xff, 0xff, 0xff, 0xff, 0xff, 0xff,
    0xff, 0xff, 0xfe, 0x6f, 0x0, 0x0, 0x0, 0xfb,
    0xff, 0xff, 0xff, 0xff, 0xff, 0xff, 0xff, 0xff,
    0xff, 0xff, 0xff, 0xff, 0xfb, 0x0, 0x0, 0x0,
    0x0, 0x0, 0x0, 0xfb, 0xff, 0xff, 0xff, 0xff,
    0xff, 0xff, 0xff, 0xff, 0xff, 0xff, 0xff, 0xff,
    0xfb, 0x0, 0x0, 0x0, 0x0, 0x0, 0x0, 0xfb,
    0xff, 0xff, 0xff, 0xfb, 0x0, 0x0, 0x0, 0x0,
    0xfb, 0xff, 0xff, 0xff, 0xfb, 0x0, 0x0, 0x0,
    0x0, 0x0, 0x0, 0xfb, 0xff, 0xff, 0xff, 0xfb,
    0x0, 0x0, 0x0, 0x0, 0xfb, 0xff, 0xff, 0xff,
    0xfb, 0x0, 0x0, 0x0, 0x0, 0x0, 0x0, 0xfb,
    0xff, 0xff, 0xff, 0xfb, 0x0, 0x0, 0x0, 0x0,
    0xfb, 0xff, 0xff, 0xff, 0xfb, 0x0, 0x0, 0x0,
    0x0, 0x0, 0x0, 0xfb, 0xff, 0xff, 0xff, 0xfb,
    0x0, 0x0, 0x0, 0x0, 0xfb, 0xff, 0xff, 0xff,
    0xfb, 0x0, 0x0, 0x0, 0x0, 0x0, 0x0, 0xfb,
    0xff, 0xff, 0xff, 0xfb, 0x0, 0x0, 0x0, 0x0,
    0xfb, 0xff, 0xff, 0xff, 0xfb, 0x0, 0x0, 0x0,
    0x0, 0x0, 0x0, 0xfb, 0xff, 0xff, 0xff, 0xfb,
    0x0, 0x0, 0x0, 0x0, 0xfb, 0xff, 0xff, 0xff,
    0xfb, 0x0, 0x0, 0x0,

    /* U+0058 "X" */
    0x0, 0x0, 0x0, 0x0, 0x0, 0x3f, 0xe0, 0xff,
    0xff, 0xff, 0xff, 0xff, 0xff, 0xff, 0xff, 0xff,
    0xff, 0xff, 0xff, 0xff, 0xff, 0xff, 0xe2, 0x47,
    0x0, 0x0, 0x0, 0x0, 0x17, 0xec, 0xff, 0xff,
    0xff, 0xff, 0xff, 0xff, 0xff, 0xff, 0xff, 0xff,
    0xff, 0xff, 0xff, 0xff, 0xff, 0xff, 0xff, 0xe2,
    0x0, 0x0, 0x0, 0x0, 0xad, 0xff, 0xa8, 0x4,
    0x4, 0x4, 0x4, 0x4, 0x4, 0x4, 0x4, 0x4,
    0x4, 0x4, 0x4, 0x4, 0x4, 0x7, 0xff, 0xff,
    0x0, 0x0, 0x0, 0x58, 0xff, 0xe9, 0x13, 0x0,
    0x0, 0x0, 0x0, 0x0, 0x0, 0x0, 0x0, 0x0,
    0x0, 0x0, 0x0, 0x0, 0x0, 0x4, 0xff, 0xff,
    0x0, 0x0, 0x16, 0xeb, 0xff, 0x51, 0x0, 0x0,
    0x0, 0x2f, 0xc1, 0x16, 0x0, 0x0, 0x0, 0x0,
    0x17, 0xc1, 0x2c, 0x0, 0x0, 0x4, 0xff, 0xff,
    0x0, 0x0, 0xac, 0xff, 0xa5, 0x0, 0x0, 0x0,
    0x0, 0xbd, 0xff, 0xd4, 0x16, 0x0, 0x0, 0x15,
    0xd4, 0xff, 0xb9, 0x0, 0x0, 0x4, 0xff, 0xff,
    0x0, 0x57, 0xff, 0xe7, 0x12, 0x0, 0x0, 0x0,
    0x0, 0x13, 0xd1, 0xff, 0xd4, 0x16, 0x14, 0xd3,
    0xff, 0xd0, 0x13, 0x0, 0x0, 0x4, 0xff, 0xff,
    0x15, 0xeb, 0xff, 0x4d, 0x0, 0x0, 0x0, 0x0,
    0x0, 0x0, 0x13, 0xd1, 0xff, 0xd4, 0xd1, 0xff,
    0xd2, 0x14, 0x0, 0x0, 0x0, 0x4, 0xff, 0xff,
    0xab, 0xff, 0xa1, 0x0, 0x0, 0x0, 0x0, 0x0,
    0x0, 0x0, 0x0, 0x13, 0xd0, 0xff, 0xff, 0xd4,
    0x15, 0x0, 0x0, 0x0, 0x0, 0x4, 0xff, 0xff,
    0xab, 0xff, 0xa1, 0x0, 0x0, 0x0, 0x0, 0x0,
    0x0, 0x0, 0x0, 0x13, 0xd0, 0xff, 0xff, 0xd4,
    0x15, 0x0, 0x0, 0x0, 0x0, 0x4, 0xff, 0xff,
    0x15, 0xeb, 0xff, 0x4d, 0x0, 0x0, 0x0, 0x0,
    0x0, 0x0, 0x13, 0xd0, 0xff, 0xd5, 0xd1, 0xff,
    0xd2, 0x14, 0x0, 0x0, 0x0, 0x4, 0xff, 0xff,
    0x0, 0x57, 0xff, 0xe6, 0x12, 0x0, 0x0, 0x0,
    0x0, 0x13, 0xd0, 0xff, 0xd5, 0x16, 0x14, 0xd3,
    0xff, 0xd0, 0x12, 0x0, 0x0, 0x4, 0xff, 0xff,
    0x0, 0x0, 0xac, 0xff, 0xa5, 0x0, 0x0, 0x0,
    0x0, 0xbd, 0xff, 0xd5, 0x16, 0x0, 0x0, 0x16,
    0xd5, 0xff, 0xb9, 0x0, 0x0, 0x4, 0xff, 0xff,
    0x0, 0x0, 0x16, 0xec, 0xff, 0x50, 0x0, 0x0,
    0x0, 0x30, 0xc2, 0x16, 0x0, 0x0, 0x0, 0x0,
    0x17, 0xc2, 0x2d, 0x0, 0x0, 0x4, 0xff, 0xff,
    0x0, 0x0, 0x0, 0x58, 0xff, 0xe8, 0x13, 0x0,
    0x0, 0x0, 0x0, 0x0, 0x0, 0x0, 0x0, 0x0,
    0x0, 0x0, 0x0, 0x0, 0x0, 0x4, 0xff, 0xff,
    0x0, 0x0, 0x0, 0x0, 0xae, 0xff, 0xa8, 0x4,
    0x4, 0x4, 0x4, 0x4, 0x4, 0x4, 0x4, 0x4,
    0x4, 0x4, 0x4, 0x4, 0x4, 0x7, 0xff, 0xff,
    0x0, 0x0, 0x0, 0x0, 0x17, 0xec, 0xff, 0xff,
    0xff, 0xff, 0xff, 0xff, 0xff, 0xff, 0xff, 0xff,
    0xff, 0xff, 0xff, 0xff, 0xff, 0xff, 0xff, 0xe3,
    0x0, 0x0, 0x0, 0x0, 0x0, 0x3f, 0xe0, 0xff,
    0xff, 0xff, 0xff, 0xff, 0xff, 0xff, 0xff, 0xff,
    0xff, 0xff, 0xff, 0xff, 0xff, 0xff, 0xe4, 0x49,

    /* U+0059 "Y" */
    0x0, 0x0, 0x0, 0x0, 0x0, 0x4, 0x53, 0xa4,
    0xd7, 0xee, 0xef, 0xd7, 0xa4, 0x52, 0x4, 0x0,
    0x0, 0x0, 0x0, 0x0, 0x0, 0x0, 0x0, 0x0,
    0x44, 0xdd, 0xff, 0xff, 0xff, 0xff, 0xff, 0xff,
    0xff, 0xff, 0xdc, 0x43, 0x0, 0x0, 0x0, 0x0,
    0x0, 0x0, 0x1, 0x7d, 0xfd, 0xff, 0xd1, 0x6a,
    0x27, 0x8, 0x8, 0x28, 0x6a, 0xd2, 0xff, 0xfd,
    0x7c, 0x1, 0x0, 0x0, 0x0, 0x0, 0x80, 0xff,
    0xfb, 0x73, 0x1, 0x0, 0x0, 0x0, 0x0, 0x0,
    0x0, 0x1, 0x75, 0xfb, 0xff, 0x7d, 0x0, 0x0,
    0x0, 0x47, 0xfd, 0xfb, 0x44, 0x0, 0x0, 0x0,
    0x0, 0x0, 0x0, 0x0, 0x0, 0x0, 0x0, 0x45,
    0xfb, 0xfd, 0x44, 0x0, 0x5, 0xe1, 0xff, 0x74,
    0x0, 0x0, 0x0, 0x0, 0x0, 0x0, 0x0, 0x0,
    0x0, 0x0, 0x0, 0x0, 0x75, 0xff, 0xde, 0x4,
    0x58, 0xff, 0xd0, 0x1, 0x0, 0x0, 0x26, 0xb5,
    0x13, 0x0, 0x0, 0x13, 0xb5, 0x25, 0x0, 0x0,
    0x1, 0xd1, 0xff, 0x55, 0xa9, 0xff, 0x67, 0x0,
    0x0, 0x0, 0xbb, 0xff, 0xcf, 0x13, 0x13, 0xd0,
    0xff, 0xba, 0x0, 0x0, 0x0, 0x68, 0xff, 0xa7,
    0xdc, 0xff, 0x23, 0x0, 0x0, 0x0, 0x17, 0xd5,
    0xff, 0xcf, 0xd0, 0xff, 0xd5, 0x16, 0x0, 0x0,
    0x0, 0x24, 0xff, 0xda, 0xf3, 0xff, 0x4, 0x0,
    0x0, 0x0, 0x0, 0x17, 0xd5, 0xff, 0xff, 0xd5,
    0x16, 0x0, 0x0, 0x0, 0x0, 0x5, 0xff, 0xf2,
    0xf4, 0xff, 0x4, 0x0, 0x0, 0x0, 0x0, 0x13,
    0xd0, 0xff, 0xff, 0xd0, 0x13, 0x0, 0x0, 0x0,
    0x0, 0x4, 0xff, 0xf3, 0xdd, 0xff, 0x22, 0x0,
    0x0, 0x0, 0x13, 0xd0, 0xff, 0xd5, 0xd5, 0xff,
    0xcf, 0x13, 0x0, 0x0, 0x0, 0x23, 0xff, 0xdc,
    0xab, 0xff, 0x63, 0x0, 0x0, 0x0, 0xba, 0xff,
    0xd5, 0x16, 0x17, 0xd5, 0xff, 0xb9, 0x0, 0x0,
    0x0, 0x64, 0xff, 0xa9, 0x5c, 0xff, 0xcb, 0x0,
    0x0, 0x0, 0x2b, 0xbe, 0x16, 0x0, 0x0, 0x17,
    0xbe, 0x2a, 0x0, 0x0, 0x0, 0xcc, 0xff, 0x58,
    0x7, 0xe4, 0xff, 0x6b, 0x0, 0x0, 0x0, 0x0,
    0x0, 0x0, 0x0, 0x0, 0x0, 0x0, 0x0, 0x0,
    0x6c, 0xff, 0xe1, 0x6, 0x0, 0x4d, 0xfe, 0xf9,
    0x3d, 0x0, 0x0, 0x0, 0x0, 0x0, 0x0, 0x0,
    0x0, 0x0, 0x0, 0x3e, 0xf9, 0xfe, 0x4a, 0x0,
    0x0, 0x0, 0x87, 0xff, 0xf9, 0x6a, 0x0, 0x0,
    0x0, 0x0, 0x0, 0x0, 0x0, 0x0, 0x6d, 0xf9,
    0xff, 0x84, 0x0, 0x0, 0x0, 0x0, 0x3, 0x88,
    0xfe, 0xff, 0xc9, 0x61, 0x1e, 0x1, 0x2, 0x1f,
    0x61, 0xcb, 0xff, 0xfe, 0x87, 0x2, 0x0, 0x0,
    0x0, 0x0, 0x0, 0x0, 0x4d, 0xe5, 0xff, 0xff,
    0xff, 0xfd, 0xfe, 0xff, 0xff, 0xff, 0xe5, 0x4d,
    0x0, 0x0, 0x0, 0x0, 0x0, 0x0, 0x0, 0x0,
    0x0, 0x8, 0x5e, 0xae, 0xe1, 0xf8, 0xf8, 0xe0,
    0xae, 0x5e, 0x7, 0x0, 0x0, 0x0, 0x0, 0x0,

    /* U+005A "Z" */
    0x0, 0x0, 0x0, 0x0, 0x0, 0x3, 0x50, 0x9c,
    0xd2, 0xea, 0xeb, 0xd4, 0x9f, 0x3e, 0x0, 0x0,
    0x0, 0x0, 0x0, 0x0, 0x0, 0x0, 0x0, 0x0,
    0x4f, 0xd9, 0xff, 0xff, 0xff, 0xff, 0xff, 0xff,
    0xe1, 0x1f, 0x0, 0x0, 0x0, 0x0, 0x0, 0x0,
    0x0, 0x0, 0x2, 0x88, 0xff, 0xff, 0xd1, 0x6a,
    0x27, 0x8, 0x9, 0x2b, 0x1d, 0x0, 0x0, 0x0,
    0x0, 0x27, 0x0, 0x0, 0x0, 0x0, 0x8a, 0xff,
    0xfb, 0x73, 0x1, 0x0, 0x0, 0x0, 0x0, 0x0,
    0x0, 0x0, 0x0, 0x0, 0x51, 0xfa, 0x7b, 0x0,
    0x0, 0x50, 0xff, 0xfb, 0x44, 0x0, 0x0, 0x0,
    0x0, 0x0, 0x0, 0x0, 0x0, 0x0, 0x0, 0x51,
    0xfa, 0xff, 0x83, 0x0, 0x3, 0xd9, 0xff, 0x74,
    0x0, 0x0, 0x0, 0x0, 0x0, 0x0, 0x0, 0x0,
    0x0, 0x0, 0x51, 0xfa, 0xff, 0x83, 0x0, 0x0,
    0x51, 0xff, 0xd0, 0x1, 0x0, 0x0, 0x0, 0x0,
    0x0, 0x0, 0x0, 0x0, 0x0, 0x51, 0xfa, 0xff,
    0x83, 0x0, 0x0, 0x0, 0xa0, 0xff, 0x67, 0x0,
    0x0, 0x0, 0x0, 0x0, 0x0, 0x0, 0x0, 0x0,
    0x51, 0xfa, 0xff, 0x83, 0x0, 0x0, 0x0, 0x0,
    0xd6, 0xff, 0x23, 0x0, 0x0, 0x7a, 0x56, 0x0,
    0x0, 0x0, 0x0, 0x51, 0xfa, 0xff, 0x83, 0x0,
    0x0, 0x0, 0x0, 0x0, 0xef, 0xff, 0x4, 0x0,
    0x3c, 0xff, 0xfc, 0x56, 0x0, 0x0, 0x51, 0xfa,
    0xff, 0x83, 0x0, 0x0, 0x0, 0x0, 0x0, 0x0,
    0xf0, 0xff, 0x4, 0x0, 0x0, 0x7d, 0xff, 0xfc,
    0x56, 0x51, 0xfa, 0xff, 0x83, 0x0, 0x0, 0x0,
    0x0, 0x4, 0xfb, 0xeb, 0xd7, 0xff, 0x22, 0x0,
    0x0, 0x0, 0x7d, 0xff, 0xfc, 0xfa, 0xff, 0x83,
    0x0, 0x0, 0x0, 0x0, 0x0, 0x23, 0xff, 0xd6,
    0xa2, 0xff, 0x63, 0x0, 0x0, 0x0, 0x0, 0x7d,
    0xff, 0xff, 0x83, 0x0, 0x0, 0x0, 0x0, 0x0,
    0x0, 0x64, 0xff, 0xa1, 0x55, 0xff, 0xcb, 0x0,
    0x0, 0x0, 0x0, 0x0, 0x7d, 0x84, 0x0, 0x0,
    0x0, 0x0, 0x0, 0x0, 0x0, 0xcc, 0xff, 0x55,
    0x5, 0xde, 0xff, 0x6b, 0x0, 0x0, 0x0, 0x0,
    0x0, 0x0, 0x0, 0x0, 0x0, 0x0, 0x0, 0x0,
    0x6c, 0xff, 0xdd, 0x5, 0x0, 0x56, 0xff, 0xf9,
    0x3d, 0x0, 0x0, 0x0, 0x0, 0x0, 0x0, 0x0,
    0x0, 0x0, 0x0, 0x3e, 0xf9, 0xff, 0x55, 0x0,
    0x0, 0x0, 0x90, 0xff, 0xf9, 0x6a, 0x0, 0x0,
    0x0, 0x0, 0x0, 0x0, 0x0, 0x0, 0x6d, 0xf9,
    0xff, 0x8f, 0x0, 0x0, 0x0, 0x0, 0x3, 0x91,
    0xff, 0xff, 0xc9, 0x61, 0x1e, 0x1, 0x2, 0x1f,
    0x61, 0xcb, 0xff, 0xff, 0x91, 0x3, 0x0, 0x0,
    0x0, 0x0, 0x0, 0x0, 0x57, 0xdf, 0xff, 0xff,
    0xff, 0xfd, 0xfe, 0xff, 0xff, 0xff, 0xde, 0x56,
    0x0, 0x0, 0x0, 0x0, 0x0, 0x0, 0x0, 0x0,
    0x0, 0x6, 0x58, 0xa5, 0xdb, 0xf3, 0xf3, 0xdb,
    0xa5, 0x57, 0x5, 0x0, 0x0, 0x0, 0x0, 0x0,

    /* U+005B "[" */
    0x0, 0x3, 0x3, 0x3, 0x3, 0x3, 0xff, 0xff,
    0xff, 0xff, 0xff, 0xff, 0x3, 0x3, 0x3, 0x3,
    0x3, 0x0, 0x3, 0xff, 0xff, 0xff, 0xff, 0xff,
    0xff, 0xff, 0xff, 0xff, 0xff, 0xff, 0xff, 0xff,
    0xff, 0xff, 0xff, 0x3, 0x3, 0xff, 0xff, 0xff,
    0xff, 0xff, 0xff, 0xff, 0xff, 0xff, 0xff, 0xff,
    0xff, 0xff, 0xff, 0xff, 0xff, 0x3, 0x0, 0x0,
    0xfb, 0xfb, 0x0, 0x0, 0x0, 0x0, 0x0, 0x0,
    0x0, 0x0, 0x0, 0x0, 0xfb, 0xfb, 0x0, 0x0,
    0x0, 0x0, 0xfb, 0xfb, 0x0, 0x0, 0x0, 0x0,
    0x0, 0x0, 0x0, 0x0, 0x0, 0x0, 0xfb, 0xfb,
    0x0, 0x0, 0x0, 0x0, 0xfb, 0xfb, 0x0, 0x0,
    0xff, 0xff, 0x3, 0x3, 0xff, 0xff, 0x0, 0x0,
    0xfb, 0xfb, 0x0, 0x0, 0x0, 0x0, 0xfb, 0xfb,
    0x0, 0x0, 0xff, 0xff, 0x3, 0x3, 0xff, 0xff,
    0x0, 0x0, 0xfb, 0xfb, 0x0, 0x0, 0x0, 0x0,
    0xfb, 0xfb, 0x0, 0x0, 0xff, 0xff, 0x3, 0x3,
    0xff, 0xff, 0x0, 0x0, 0xfb, 0xfb, 0x0, 0x0,
    0x0, 0x0, 0xfb, 0xfb, 0x0, 0x0, 0xff, 0xff,
    0x3, 0x3, 0xff, 0xff, 0x0, 0x0, 0xfb, 0xfb,
    0x0, 0x0, 0x0, 0x0, 0xfb, 0xfb, 0x0, 0x0,
    0xff, 0xff, 0x3, 0x3, 0xff, 0xff, 0x0, 0x0,
    0xfb, 0xfb, 0x0, 0x0, 0x0, 0x0, 0xfb, 0xfb,
    0x0, 0x0, 0xff, 0xff, 0x3, 0x3, 0xff, 0xff,
    0x0, 0x0, 0xfb, 0xfb, 0x0, 0x0, 0x0, 0x0,
    0xfb, 0xfb, 0x0, 0x0, 0xff, 0xff, 0x3, 0x3,
    0xff, 0xff, 0x0, 0x0, 0xfb, 0xfb, 0x0, 0x0,
    0x0, 0x0, 0xfb, 0xfb, 0x0, 0x0, 0xff, 0xff,
    0x3, 0x3, 0xff, 0xff, 0x0, 0x0, 0xfb, 0xfb,
    0x0, 0x0, 0x0, 0x0, 0xfb, 0xfb, 0x0, 0x0,
    0xff, 0xff, 0x3, 0x3, 0xff, 0xff, 0x0, 0x0,
    0xfb, 0xfb, 0x0, 0x0, 0x0, 0x0, 0xfb, 0xfb,
    0x0, 0x0, 0x0, 0x0, 0x0, 0x0, 0x0, 0x0,
    0x0, 0x0, 0xfb, 0xfb, 0x0, 0x0, 0x0, 0x0,
    0xfb, 0xfc, 0x3, 0x3, 0x3, 0x3, 0x3, 0x3,
    0x3, 0x3, 0x3, 0x3, 0xfc, 0xfb, 0x0, 0x0,
    0x0, 0x0, 0xe0, 0xff, 0xff, 0xff, 0xff, 0xff,
    0xff, 0xff, 0xff, 0xff, 0xff, 0xff, 0xff, 0xdf,
    0x0, 0x0, 0x0, 0x0, 0x49, 0xe4, 0xff, 0xff,
    0xff, 0xff, 0xff, 0xff, 0xff, 0xff, 0xff, 0xff,
    0xe4, 0x47, 0x0, 0x0
};

/*---------------------
 *  GLYPH DESCRIPTION
 *--------------------*/

static const lv_font_fmt_txt_glyph_dsc_t glyph_dsc[] = {
    {.bitmap_index = 0, .adv_w = 0, .box_w = 0, .box_h = 0, .ofs_x = 0, .ofs_y = 0} /* id = 0 reserved */,
    {.bitmap_index = 0, .adv_w = 384, .box_w = 21, .box_h = 20, .ofs_x = 2, .ofs_y = -1},
    {.bitmap_index = 420, .adv_w = 384, .box_w = 18, .box_h = 17, .ofs_x = 3, .ofs_y = 1},
    {.bitmap_index = 726, .adv_w = 384, .box_w = 24, .box_h = 19, .ofs_x = 0, .ofs_y = 0},
    {.bitmap_index = 1182, .adv_w = 384, .box_w = 24, .box_h = 19, .ofs_x = 0, .ofs_y = 0},
    {.bitmap_index = 1638, .adv_w = 384, .box_w = 20, .box_h = 20, .ofs_x = 2, .ofs_y = -1},
    {.bitmap_index = 2038, .adv_w = 384, .box_w = 20, .box_h = 20, .ofs_x = 2, .ofs_y = -1},
    {.bitmap_index = 2438, .adv_w = 384, .box_w = 20, .box_h = 20, .ofs_x = 2, .ofs_y = -1},
    {.bitmap_index = 2838, .adv_w = 384, .box_w = 20, .box_h = 20, .ofs_x = 2, .ofs_y = -1},
    {.bitmap_index = 3238, .adv_w = 384, .box_w = 12, .box_h = 20, .ofs_x = 6, .ofs_y = -1},
    {.bitmap_index = 3478, .adv_w = 384, .box_w = 12, .box_h = 20, .ofs_x = 6, .ofs_y = -1},
    {.bitmap_index = 3718, .adv_w = 384, .box_w = 18, .box_h = 21, .ofs_x = 3, .ofs_y = -2},
    {.bitmap_index = 4096, .adv_w = 384, .box_w = 24, .box_h = 17, .ofs_x = 0, .ofs_y = 1},
    {.bitmap_index = 4504, .adv_w = 384, .box_w = 20, .box_h = 19, .ofs_x = 2, .ofs_y = 0},
    {.bitmap_index = 4884, .adv_w = 384, .box_w = 18, .box_h = 18, .ofs_x = 3, .ofs_y = 0},
    {.bitmap_index = 5208, .adv_w = 384, .box_w = 18, .box_h = 18, .ofs_x = 3, .ofs_y = 0},
    {.bitmap_index = 5532, .adv_w = 384, .box_w = 18, .box_h = 18, .ofs_x = 3, .ofs_y = 0},
    {.bitmap_index = 5856, .adv_w = 384, .box_w = 20, .box_h = 20, .ofs_x = 2, .ofs_y = -1},
    {.bitmap_index = 6256, .adv_w = 384, .box_w = 21, .box_h = 20, .ofs_x = 2, .ofs_y = -1},
    {.bitmap_index = 6676, .adv_w = 384, .box_w = 20, .box_h = 20, .ofs_x = 2, .ofs_y = -1},
    {.bitmap_index = 7076, .adv_w = 384, .box_w = 12, .box_h = 17, .ofs_x = 6, .ofs_y = -2},
    {.bitmap_index = 7280, .adv_w = 384, .box_w = 20, .box_h = 23, .ofs_x = 2, .ofs_y = -2},
    {.bitmap_index = 7740, .adv_w = 384, .box_w = 12, .box_h = 17, .ofs_x = 6, .ofs_y = -2},
    {.bitmap_index = 7944, .adv_w = 384, .box_w = 18, .box_h = 18, .ofs_x = 3, .ofs_y = 0},
    {.bitmap_index = 8268, .adv_w = 384, .box_w = 11, .box_h = 15, .ofs_x = 8, .ofs_y = 1},
    {.bitmap_index = 8433, .adv_w = 384, .box_w = 18, .box_h = 14, .ofs_x = 3, .ofs_y = 2},
    {.bitmap_index = 8685, .adv_w = 384, .box_w = 18, .box_h = 20, .ofs_x = 3, .ofs_y = -1},
    {.bitmap_index = 9045, .adv_w = 384, .box_w = 12, .box_h = 12, .ofs_x = 6, .ofs_y = 3},
    {.bitmap_index = 9189, .adv_w = 384, .box_w = 18, .box_h = 18, .ofs_x = 3, .ofs_y = 1},
    {.bitmap_index = 9513, .adv_w = 384, .box_w = 20, .box_h = 20, .ofs_x = 2, .ofs_y = -1},
    {.bitmap_index = 9913, .adv_w = 384, .box_w = 20, .box_h = 20, .ofs_x = 2, .ofs_y = -1},
    {.bitmap_index = 10313, .adv_w = 384, .box_w = 18, .box_h = 17, .ofs_x = 3, .ofs_y = 1},
    {.bitmap_index = 10619, .adv_w = 384, .box_w = 18, .box_h = 24, .ofs_x = 3, .ofs_y = -3},
    {.bitmap_index = 11051, .adv_w = 384, .box_w = 20, .box_h = 20, .ofs_x = 2, .ofs_y = -1},
    {.bitmap_index = 11451, .adv_w = 384, .box_w = 20, .box_h = 21, .ofs_x = 2, .ofs_y = -2},
    {.bitmap_index = 11871, .adv_w = 384, .box_w = 24, .box_h = 20, .ofs_x = 0, .ofs_y = -1},
    {.bitmap_index = 12351, .adv_w = 384, .box_w = 20, .box_h = 11, .ofs_x = 2, .ofs_y = 4},
    {.bitmap_index = 12571, .adv_w = 384, .box_w = 24, .box_h = 20, .ofs_x = 0, .ofs_y = -1},
    {.bitmap_index = 13051, .adv_w = 384, .box_w = 20, .box_h = 21, .ofs_x = 2, .ofs_y = -2},
    {.bitmap_index = 13471, .adv_w = 384, .box_w = 23, .box_h = 22, .ofs_x = 0, .ofs_y = -2},
    {.bitmap_index = 13977, .adv_w = 384, .box_w = 20, .box_h = 17, .ofs_x = 2, .ofs_y = 1},
    {.bitmap_index = 14317, .adv_w = 384, .box_w = 24, .box_h = 18, .ofs_x = 0, .ofs_y = 0},
    {.bitmap_index = 14749, .adv_w = 384, .box_w = 20, .box_h = 20, .ofs_x = 2, .ofs_y = -1},
    {.bitmap_index = 15149, .adv_w = 384, .box_w = 20, .box_h = 20, .ofs_x = 2, .ofs_y = -1},
    {.bitmap_index = 15549, .adv_w = 384, .box_w = 18, .box_h = 18, .ofs_x = 3, .ofs_y = 0}
};

/*---------------------
 *  CHARACTER MAPPING
 *--------------------*/

/*Collect the unicode lists and glyph_id offsets*/
static const lv_font_fmt_txt_cmap_t cmaps[] =
{
    {
        .range_start = 48, .range_length = 44, .glyph_id_start = 1,
        .unicode_list = NULL, .glyph_id_ofs_list = NULL, .list_length = 0, .type = LV_FONT_FMT_TXT_CMAP_FORMAT0_TINY
    }
};

/*--------------------
 *  ALL CUSTOM DATA
 *--------------------*/

#if LVGL_VERSION_MAJOR == 8
/*Store all the custom data of the font*/
static  lv_font_fmt_txt_glyph_cache_t cache;
#endif

#if LVGL_VERSION_MAJOR >= 8
static const lv_font_fmt_txt_dsc_t font_dsc = {
#else
static lv_font_fmt_txt_dsc_t font_dsc = {
#endif
    .glyph_bitmap = glyph_bitmap,
    .glyph_dsc = glyph_dsc,
    .cmaps = cmaps,
    .kern_dsc = NULL,
    .kern_scale = 0,
    .cmap_num = 1,
    .bpp = 8,
    .kern_classes = 0,
    .bitmap_format = 0,
#if LVGL_VERSION_MAJOR == 8
    .cache = &cache
#endif
};

/*-----------------
 *  PUBLIC FONT
 *----------------*/

/*Initialize a public general font descriptor*/
#if LVGL_VERSION_MAJOR >= 8
const lv_font_t ui_font_ico_custom = {
#else
lv_font_t ui_font_ico_custom = {
#endif
    .get_glyph_dsc = lv_font_get_glyph_dsc_fmt_txt,    /*Function pointer to get glyph's data*/
    .get_glyph_bitmap = lv_font_get_bitmap_fmt_txt,    /*Function pointer to get glyph's bitmap*/
    .line_height = 24,          /*The maximum line height required by the font*/
    .base_line = 3,             /*Baseline measured from the bottom of the line*/
#if !(LVGL_VERSION_MAJOR == 6 && LVGL_VERSION_MINOR == 0)
    .subpx = LV_FONT_SUBPX_NONE,
#endif
#if LV_VERSION_CHECK(7, 4, 0) || LVGL_VERSION_MAJOR >= 8
    .underline_position = 0,
    .underline_thickness = 0,
#endif
    .dsc = &font_dsc,          /*The custom font data. Will be accessed by `get_glyph_bitmap/dsc` */
#if LV_VERSION_CHECK(8, 2, 0) || LVGL_VERSION_MAJOR >= 9
    .fallback = NULL,
#endif
    .user_data = NULL,
};

#endif /*#if UI_FONT_ICO_CUSTOM*/